vars,id,creation_time,failed,failed_reason,time_of_death,type,participant_id,question,answer,page_type,successful_validation,metadata_,class,object_type
{},1,2026-06-15 20:42:01,False,,,Response,1,info,,InfoPage,True,"{""prompt"": {}, ""control"": {}, ""time_taken"": 10}",Response,_Response
{},2,2026-06-15 20:42:01,False,,,Response,1,prediction_life_spans,83.3,ModularPage,True,"{""time_taken"": 12, ""prompt"": {}, ""control"": {""width"": ""160px"", ""text_align"": ""right""}}",Response,_Response
{},3,2026-06-15 20:42:02,False,,,Response,1,prediction_marriages,39.5,ModularPage,True,"{""time_taken"": 12, ""prompt"": {}, ""control"": {""width"": ""160px"", ""text_align"": ""right""}}",Response,_Response
{},4,2026-06-15 20:42:02,False,,,Response,1,prediction_waiting_times,14.4,ModularPage,True,"{""time_taken"": 12, ""prompt"": {}, ""control"": {""width"": ""160px"", ""text_align"": ""right""}}",Response,_Response
{},5,2026-06-15 20:42:02,False,,,Response,1,prediction_movie_run_times,58.7,ModularPage,True,"{""time_taken"": 12, ""prompt"": {}, ""control"": {""width"": ""160px"", ""text_align"": ""right""}}",Response,_Response
{},6,2026-06-15 20:42:02,False,,,Response,1,prediction_poem_lengths,58.5,ModularPage,True,"{""time_taken"": 12, ""prompt"": {}, ""control"": {""width"": ""160px"", ""text_align"": ""right""}}",Response,_Response
{},7,2026-06-15 20:42:02,False,,,Response,1,info,,InfoPage,True,"{""prompt"": {}, ""control"": {}, ""time_taken"": 5}",Response,_Response
{},8,2026-06-15 20:42:03,False,,,Response,1,SuccessfulEndLogic,Finish,ModularPage,True,"{""choices"": [""Finish""], ""labels"": [""Finish""], ""time_taken"": 0.0, ""prompt"": {}, ""control"": {""choices"": [""Finish""], ""labels"": {""py/id"": 5}}}",Response,_Response
{},9,2026-06-15 20:42:03,False,,,Response,2,info,,InfoPage,True,"{""prompt"": {}, ""control"": {}, ""time_taken"": 10}",Response,_Response
{},10,2026-06-15 20:42:03,False,,,Response,2,prediction_movie_run_times,112.3,ModularPage,True,"{""time_taken"": 12, ""prompt"": {}, ""control"": {""width"": ""160px"", ""text_align"": ""right""}}",Response,_Response
{},11,2026-06-15 20:42:03,False,,,Response,2,prediction_waiting_times,50.2,ModularPage,True,"{""time_taken"": 12, ""prompt"": {}, ""control"": {""width"": ""160px"", ""text_align"": ""right""}}",Response,_Response
{},12,2026-06-15 20:42:03,False,,,Response,2,prediction_life_spans,96,ModularPage,True,"{""time_taken"": 12, ""prompt"": {}, ""control"": {""width"": ""160px"", ""text_align"": ""right""}}",Response,_Response
{},13,2026-06-15 20:42:03,False,,,Response,2,prediction_poem_lengths,22.3,ModularPage,True,"{""time_taken"": 12, ""prompt"": {}, ""control"": {""width"": ""160px"", ""text_align"": ""right""}}",Response,_Response
{},14,2026-06-15 20:42:04,False,,,Response,2,prediction_marriages,28.2,ModularPage,True,"{""time_taken"": 12, ""prompt"": {}, ""control"": {""width"": ""160px"", ""text_align"": ""right""}}",Response,_Response
{},15,2026-06-15 20:42:04,False,,,Response,2,info,,InfoPage,True,"{""prompt"": {}, ""control"": {}, ""time_taken"": 5}",Response,_Response
{},16,2026-06-15 20:42:04,False,,,Response,2,SuccessfulEndLogic,Finish,ModularPage,True,"{""choices"": [""Finish""], ""labels"": [""Finish""], ""time_taken"": 0.0, ""prompt"": {}, ""control"": {""choices"": [""Finish""], ""labels"": {""py/id"": 5}}}",Response,_Response
{},17,2026-06-15 20:42:04,False,,,Response,3,info,,InfoPage,True,"{""prompt"": {}, ""control"": {}, ""time_taken"": 10}",Response,_Response
{},18,2026-06-15 20:42:04,False,,,Response,3,prediction_marriages,22.5,ModularPage,True,"{""time_taken"": 12, ""prompt"": {}, ""control"": {""width"": ""160px"", ""text_align"": ""right""}}",Response,_Response
{},19,2026-06-15 20:42:04,False,,,Response,3,prediction_life_spans,63.4,ModularPage,True,"{""time_taken"": 12, ""prompt"": {}, ""control"": {""width"": ""160px"", ""text_align"": ""right""}}",Response,_Response
{},20,2026-06-15 20:42:05,False,,,Response,3,prediction_poem_lengths,14.1,ModularPage,True,"{""time_taken"": 12, ""prompt"": {}, ""control"": {""width"": ""160px"", ""text_align"": ""right""}}",Response,_Response
{},21,2026-06-15 20:42:05,False,,,Response,3,prediction_movie_run_times,120.2,ModularPage,True,"{""time_taken"": 12, ""prompt"": {}, ""control"": {""width"": ""160px"", ""text_align"": ""right""}}",Response,_Response
{},22,2026-06-15 20:42:05,False,,,Response,3,prediction_waiting_times,21.4,ModularPage,True,"{""time_taken"": 12, ""prompt"": {}, ""control"": {""width"": ""160px"", ""text_align"": ""right""}}",Response,_Response
{},23,2026-06-15 20:42:05,False,,,Response,3,info,,InfoPage,True,"{""prompt"": {}, ""control"": {}, ""time_taken"": 5}",Response,_Response
{},24,2026-06-15 20:42:05,False,,,Response,3,SuccessfulEndLogic,Finish,ModularPage,True,"{""choices"": [""Finish""], ""labels"": [""Finish""], ""time_taken"": 0.0, ""prompt"": {}, ""control"": {""choices"": [""Finish""], ""labels"": {""py/id"": 5}}}",Response,_Response
{},25,2026-06-15 20:42:05,False,,,Response,4,info,,InfoPage,True,"{""prompt"": {}, ""control"": {}, ""time_taken"": 10}",Response,_Response
{},26,2026-06-15 20:42:05,False,,,Response,4,prediction_movie_run_times,99.7,ModularPage,True,"{""time_taken"": 12, ""prompt"": {}, ""control"": {""width"": ""160px"", ""text_align"": ""right""}}",Response,_Response
{},27,2026-06-15 20:42:06,False,,,Response,4,prediction_waiting_times,28.5,ModularPage,True,"{""time_taken"": 12, ""prompt"": {}, ""control"": {""width"": ""160px"", ""text_align"": ""right""}}",Response,_Response
{},28,2026-06-15 20:42:06,False,,,Response,4,prediction_marriages,29.9,ModularPage,True,"{""time_taken"": 12, ""prompt"": {}, ""control"": {""width"": ""160px"", ""text_align"": ""right""}}",Response,_Response
{},29,2026-06-15 20:42:06,False,,,Response,4,prediction_poem_lengths,118.8,ModularPage,True,"{""time_taken"": 12, ""prompt"": {}, ""control"": {""width"": ""160px"", ""text_align"": ""right""}}",Response,_Response
{},30,2026-06-15 20:42:06,False,,,Response,4,prediction_life_spans,70.3,ModularPage,True,"{""time_taken"": 12, ""prompt"": {}, ""control"": {""width"": ""160px"", ""text_align"": ""right""}}",Response,_Response
{},31,2026-06-15 20:42:06,False,,,Response,4,info,,InfoPage,True,"{""prompt"": {}, ""control"": {}, ""time_taken"": 5}",Response,_Response
{},32,2026-06-15 20:42:07,False,,,Response,4,SuccessfulEndLogic,Finish,ModularPage,True,"{""choices"": [""Finish""], ""labels"": [""Finish""], ""time_taken"": 0.0, ""prompt"": {}, ""control"": {""choices"": [""Finish""], ""labels"": {""py/id"": 5}}}",Response,_Response
{},33,2026-06-15 20:42:07,False,,,Response,5,info,,InfoPage,True,"{""prompt"": {}, ""control"": {}, ""time_taken"": 10}",Response,_Response
{},34,2026-06-15 20:42:07,False,,,Response,5,prediction_waiting_times,9.3,ModularPage,True,"{""time_taken"": 12, ""prompt"": {}, ""control"": {""width"": ""160px"", ""text_align"": ""right""}}",Response,_Response
{},35,2026-06-15 20:42:07,False,,,Response,5,prediction_movie_run_times,84.0,ModularPage,True,"{""time_taken"": 12, ""prompt"": {}, ""control"": {""width"": ""160px"", ""text_align"": ""right""}}",Response,_Response
{},36,2026-06-15 20:42:07,False,,,Response,5,prediction_marriages,20.2,ModularPage,True,"{""time_taken"": 12, ""prompt"": {}, ""control"": {""width"": ""160px"", ""text_align"": ""right""}}",Response,_Response
{},37,2026-06-15 20:42:07,False,,,Response,5,prediction_poem_lengths,9.9,ModularPage,True,"{""time_taken"": 12, ""prompt"": {}, ""control"": {""width"": ""160px"", ""text_align"": ""right""}}",Response,_Response
{},38,2026-06-15 20:42:08,False,,,Response,5,prediction_life_spans,77.4,ModularPage,True,"{""time_taken"": 12, ""prompt"": {}, ""control"": {""width"": ""160px"", ""text_align"": ""right""}}",Response,_Response
{},39,2026-06-15 20:42:08,False,,,Response,5,info,,InfoPage,True,"{""prompt"": {}, ""control"": {}, ""time_taken"": 5}",Response,_Response
{},40,2026-06-15 20:42:08,False,,,Response,5,SuccessfulEndLogic,Finish,ModularPage,True,"{""choices"": [""Finish""], ""labels"": [""Finish""], ""time_taken"": 0.0, ""prompt"": {}, ""control"": {""choices"": [""Finish""], ""labels"": {""py/id"": 5}}}",Response,_Response
{},41,2026-06-15 20:42:08,False,,,Response,6,info,,InfoPage,True,"{""prompt"": {}, ""control"": {}, ""time_taken"": 10}",Response,_Response
{},42,2026-06-15 20:42:08,False,,,Response,6,prediction_movie_run_times,123.5,ModularPage,True,"{""time_taken"": 12, ""prompt"": {}, ""control"": {""width"": ""160px"", ""text_align"": ""right""}}",Response,_Response
{},43,2026-06-15 20:42:08,False,,,Response,6,prediction_waiting_times,30.8,ModularPage,True,"{""time_taken"": 12, ""prompt"": {}, ""control"": {""width"": ""160px"", ""text_align"": ""right""}}",Response,_Response
{},44,2026-06-15 20:42:09,False,,,Response,6,prediction_marriages,26.1,ModularPage,True,"{""time_taken"": 12, ""prompt"": {}, ""control"": {""width"": ""160px"", ""text_align"": ""right""}}",Response,_Response
{},45,2026-06-15 20:42:09,False,,,Response,6,prediction_life_spans,70.0,ModularPage,True,"{""time_taken"": 12, ""prompt"": {}, ""control"": {""width"": ""160px"", ""text_align"": ""right""}}",Response,_Response
{},46,2026-06-15 20:42:09,False,,,Response,6,prediction_poem_lengths,27.5,ModularPage,True,"{""time_taken"": 12, ""prompt"": {}, ""control"": {""width"": ""160px"", ""text_align"": ""right""}}",Response,_Response
{},47,2026-06-15 20:42:09,False,,,Response,6,info,,InfoPage,True,"{""prompt"": {}, ""control"": {}, ""time_taken"": 5}",Response,_Response
{},48,2026-06-15 20:42:09,False,,,Response,6,SuccessfulEndLogic,Finish,ModularPage,True,"{""choices"": [""Finish""], ""labels"": [""Finish""], ""time_taken"": 0.0, ""prompt"": {}, ""control"": {""choices"": [""Finish""], ""labels"": {""py/id"": 5}}}",Response,_Response
{},49,2026-06-15 20:42:09,False,,,Response,7,info,,InfoPage,True,"{""prompt"": {}, ""control"": {}, ""time_taken"": 10}",Response,_Response
{},50,2026-06-15 20:42:09,False,,,Response,7,prediction_poem_lengths,117.4,ModularPage,True,"{""time_taken"": 12, ""prompt"": {}, ""control"": {""width"": ""160px"", ""text_align"": ""right""}}",Response,_Response
{},51,2026-06-15 20:42:10,False,,,Response,7,prediction_movie_run_times,99.0,ModularPage,True,"{""time_taken"": 12, ""prompt"": {}, ""control"": {""width"": ""160px"", ""text_align"": ""right""}}",Response,_Response
{},52,2026-06-15 20:42:10,False,,,Response,7,prediction_life_spans,63.3,ModularPage,True,"{""time_taken"": 12, ""prompt"": {}, ""control"": {""width"": ""160px"", ""text_align"": ""right""}}",Response,_Response
{},53,2026-06-15 20:42:10,False,,,Response,7,prediction_marriages,21.2,ModularPage,True,"{""time_taken"": 12, ""prompt"": {}, ""control"": {""width"": ""160px"", ""text_align"": ""right""}}",Response,_Response
{},54,2026-06-15 20:42:10,False,,,Response,7,prediction_waiting_times,9.8,ModularPage,True,"{""time_taken"": 12, ""prompt"": {}, ""control"": {""width"": ""160px"", ""text_align"": ""right""}}",Response,_Response
{},55,2026-06-15 20:42:10,False,,,Response,7,info,,InfoPage,True,"{""prompt"": {}, ""control"": {}, ""time_taken"": 5}",Response,_Response
{},56,2026-06-15 20:42:10,False,,,Response,7,SuccessfulEndLogic,Finish,ModularPage,True,"{""choices"": [""Finish""], ""labels"": [""Finish""], ""time_taken"": 0.0, ""prompt"": {}, ""control"": {""choices"": [""Finish""], ""labels"": {""py/id"": 5}}}",Response,_Response
{},57,2026-06-15 20:42:11,False,,,Response,8,info,,InfoPage,True,"{""prompt"": {}, ""control"": {}, ""time_taken"": 10}",Response,_Response
{},58,2026-06-15 20:42:11,False,,,Response,8,prediction_life_spans,87.6,ModularPage,True,"{""time_taken"": 12, ""prompt"": {}, ""control"": {""width"": ""160px"", ""text_align"": ""right""}}",Response,_Response
{},59,2026-06-15 20:42:11,False,,,Response,8,prediction_movie_run_times,85.8,ModularPage,True,"{""time_taken"": 12, ""prompt"": {}, ""control"": {""width"": ""160px"", ""text_align"": ""right""}}",Response,_Response
{},60,2026-06-15 20:42:11,False,,,Response,8,prediction_waiting_times,23.3,ModularPage,True,"{""time_taken"": 12, ""prompt"": {}, ""control"": {""width"": ""160px"", ""text_align"": ""right""}}",Response,_Response
{},61,2026-06-15 20:42:11,False,,,Response,8,prediction_marriages,39.8,ModularPage,True,"{""time_taken"": 12, ""prompt"": {}, ""control"": {""width"": ""160px"", ""text_align"": ""right""}}",Response,_Response
{},62,2026-06-15 20:42:11,False,,,Response,8,prediction_poem_lengths,13.2,ModularPage,True,"{""time_taken"": 12, ""prompt"": {}, ""control"": {""width"": ""160px"", ""text_align"": ""right""}}",Response,_Response
{},63,2026-06-15 20:42:12,False,,,Response,8,info,,InfoPage,True,"{""prompt"": {}, ""control"": {}, ""time_taken"": 5}",Response,_Response
{},64,2026-06-15 20:42:12,False,,,Response,8,SuccessfulEndLogic,Finish,ModularPage,True,"{""choices"": [""Finish""], ""labels"": [""Finish""], ""time_taken"": 0.0, ""prompt"": {}, ""control"": {""choices"": [""Finish""], ""labels"": {""py/id"": 5}}}",Response,_Response
{},65,2026-06-15 20:42:12,False,,,Response,9,info,,InfoPage,True,"{""prompt"": {}, ""control"": {}, ""time_taken"": 10}",Response,_Response
{},66,2026-06-15 20:42:12,False,,,Response,9,prediction_poem_lengths,56.9,ModularPage,True,"{""time_taken"": 12, ""prompt"": {}, ""control"": {""width"": ""160px"", ""text_align"": ""right""}}",Response,_Response
{},67,2026-06-15 20:42:12,False,,,Response,9,prediction_movie_run_times,59.2,ModularPage,True,"{""time_taken"": 12, ""prompt"": {}, ""control"": {""width"": ""160px"", ""text_align"": ""right""}}",Response,_Response
{},68,2026-06-15 20:42:12,False,,,Response,9,prediction_life_spans,96,ModularPage,True,"{""time_taken"": 12, ""prompt"": {}, ""control"": {""width"": ""160px"", ""text_align"": ""right""}}",Response,_Response
{},69,2026-06-15 20:42:13,False,,,Response,9,prediction_marriages,23.5,ModularPage,True,"{""time_taken"": 12, ""prompt"": {}, ""control"": {""width"": ""160px"", ""text_align"": ""right""}}",Response,_Response
{},70,2026-06-15 20:42:13,False,,,Response,9,prediction_waiting_times,53.1,ModularPage,True,"{""time_taken"": 12, ""prompt"": {}, ""control"": {""width"": ""160px"", ""text_align"": ""right""}}",Response,_Response
{},71,2026-06-15 20:42:13,False,,,Response,9,info,,InfoPage,True,"{""prompt"": {}, ""control"": {}, ""time_taken"": 5}",Response,_Response
{},72,2026-06-15 20:42:13,False,,,Response,9,SuccessfulEndLogic,Finish,ModularPage,True,"{""choices"": [""Finish""], ""labels"": [""Finish""], ""time_taken"": 0.0, ""prompt"": {}, ""control"": {""choices"": [""Finish""], ""labels"": {""py/id"": 5}}}",Response,_Response
{},73,2026-06-15 20:42:13,False,,,Response,10,info,,InfoPage,True,"{""prompt"": {}, ""control"": {}, ""time_taken"": 10}",Response,_Response
{},74,2026-06-15 20:42:13,False,,,Response,10,prediction_poem_lengths,9.6,ModularPage,True,"{""time_taken"": 12, ""prompt"": {}, ""control"": {""width"": ""160px"", ""text_align"": ""right""}}",Response,_Response
{},75,2026-06-15 20:42:14,False,,,Response,10,prediction_marriages,29.2,ModularPage,True,"{""time_taken"": 12, ""prompt"": {}, ""control"": {""width"": ""160px"", ""text_align"": ""right""}}",Response,_Response
{},76,2026-06-15 20:42:14,False,,,Response,10,prediction_life_spans,77.1,ModularPage,True,"{""time_taken"": 12, ""prompt"": {}, ""control"": {""width"": ""160px"", ""text_align"": ""right""}}",Response,_Response
{},77,2026-06-15 20:42:14,False,,,Response,10,prediction_movie_run_times,114.6,ModularPage,True,"{""time_taken"": 12, ""prompt"": {}, ""control"": {""width"": ""160px"", ""text_align"": ""right""}}",Response,_Response
{},78,2026-06-15 20:42:14,False,,,Response,10,prediction_waiting_times,13.5,ModularPage,True,"{""time_taken"": 12, ""prompt"": {}, ""control"": {""width"": ""160px"", ""text_align"": ""right""}}",Response,_Response
{},79,2026-06-15 20:42:14,False,,,Response,10,info,,InfoPage,True,"{""prompt"": {}, ""control"": {}, ""time_taken"": 5}",Response,_Response
{},80,2026-06-15 20:42:14,False,,,Response,10,SuccessfulEndLogic,Finish,ModularPage,True,"{""choices"": [""Finish""], ""labels"": [""Finish""], ""time_taken"": 0.0, ""prompt"": {}, ""control"": {""choices"": [""Finish""], ""labels"": {""py/id"": 5}}}",Response,_Response
{},81,2026-06-15 20:42:15,False,,,Response,11,info,,InfoPage,True,"{""prompt"": {}, ""control"": {}, ""time_taken"": 10}",Response,_Response
{},82,2026-06-15 20:42:15,False,,,Response,11,prediction_movie_run_times,119.6,ModularPage,True,"{""time_taken"": 12, ""prompt"": {}, ""control"": {""width"": ""160px"", ""text_align"": ""right""}}",Response,_Response
{},83,2026-06-15 20:42:15,False,,,Response,11,prediction_marriages,23.0,ModularPage,True,"{""time_taken"": 12, ""prompt"": {}, ""control"": {""width"": ""160px"", ""text_align"": ""right""}}",Response,_Response
{},84,2026-06-15 20:42:15,False,,,Response,11,prediction_life_spans,76.4,ModularPage,True,"{""time_taken"": 12, ""prompt"": {}, ""control"": {""width"": ""160px"", ""text_align"": ""right""}}",Response,_Response
{},85,2026-06-15 20:42:15,False,,,Response,11,prediction_poem_lengths,12.8,ModularPage,True,"{""time_taken"": 12, ""prompt"": {}, ""control"": {""width"": ""160px"", ""text_align"": ""right""}}",Response,_Response
{},86,2026-06-15 20:42:15,False,,,Response,11,prediction_waiting_times,52.6,ModularPage,True,"{""time_taken"": 12, ""prompt"": {}, ""control"": {""width"": ""160px"", ""text_align"": ""right""}}",Response,_Response
{},87,2026-06-15 20:42:16,False,,,Response,11,info,,InfoPage,True,"{""prompt"": {}, ""control"": {}, ""time_taken"": 5}",Response,_Response
{},88,2026-06-15 20:42:16,False,,,Response,11,SuccessfulEndLogic,Finish,ModularPage,True,"{""choices"": [""Finish""], ""labels"": [""Finish""], ""time_taken"": 0.0, ""prompt"": {}, ""control"": {""choices"": [""Finish""], ""labels"": {""py/id"": 5}}}",Response,_Response
{},89,2026-06-15 20:42:16,False,,,Response,12,info,,InfoPage,True,"{""prompt"": {}, ""control"": {}, ""time_taken"": 10}",Response,_Response
{},90,2026-06-15 20:42:16,False,,,Response,12,prediction_waiting_times,10.3,ModularPage,True,"{""time_taken"": 12, ""prompt"": {}, ""control"": {""width"": ""160px"", ""text_align"": ""right""}}",Response,_Response
{},91,2026-06-15 20:42:16,False,,,Response,12,prediction_movie_run_times,58.8,ModularPage,True,"{""time_taken"": 12, ""prompt"": {}, ""control"": {""width"": ""160px"", ""text_align"": ""right""}}",Response,_Response
{},92,2026-06-15 20:42:16,False,,,Response,12,prediction_marriages,30.7,ModularPage,True,"{""time_taken"": 12, ""prompt"": {}, ""control"": {""width"": ""160px"", ""text_align"": ""right""}}",Response,_Response
{},93,2026-06-15 20:42:17,False,,,Response,12,prediction_poem_lengths,21.4,ModularPage,True,"{""time_taken"": 12, ""prompt"": {}, ""control"": {""width"": ""160px"", ""text_align"": ""right""}}",Response,_Response
{},94,2026-06-15 20:42:17,False,,,Response,12,prediction_life_spans,96,ModularPage,True,"{""time_taken"": 12, ""prompt"": {}, ""control"": {""width"": ""160px"", ""text_align"": ""right""}}",Response,_Response
{},95,2026-06-15 20:42:17,False,,,Response,12,info,,InfoPage,True,"{""prompt"": {}, ""control"": {}, ""time_taken"": 5}",Response,_Response
{},96,2026-06-15 20:42:17,False,,,Response,12,SuccessfulEndLogic,Finish,ModularPage,True,"{""choices"": [""Finish""], ""labels"": [""Finish""], ""time_taken"": 0.0, ""prompt"": {}, ""control"": {""choices"": [""Finish""], ""labels"": {""py/id"": 5}}}",Response,_Response
{},97,2026-06-15 20:42:17,False,,,Response,13,info,,InfoPage,True,"{""prompt"": {}, ""control"": {}, ""time_taken"": 10}",Response,_Response
{},98,2026-06-15 20:42:17,False,,,Response,13,prediction_waiting_times,21.6,ModularPage,True,"{""time_taken"": 12, ""prompt"": {}, ""control"": {""width"": ""160px"", ""text_align"": ""right""}}",Response,_Response
{},99,2026-06-15 20:42:17,False,,,Response,13,prediction_life_spans,63.1,ModularPage,True,"{""time_taken"": 12, ""prompt"": {}, ""control"": {""width"": ""160px"", ""text_align"": ""right""}}",Response,_Response
{},100,2026-06-15 20:42:18,False,,,Response,13,prediction_marriages,40.4,ModularPage,True,"{""time_taken"": 12, ""prompt"": {}, ""control"": {""width"": ""160px"", ""text_align"": ""right""}}",Response,_Response
{},101,2026-06-15 20:42:18,False,,,Response,13,prediction_movie_run_times,84.1,ModularPage,True,"{""time_taken"": 12, ""prompt"": {}, ""control"": {""width"": ""160px"", ""text_align"": ""right""}}",Response,_Response
{},102,2026-06-15 20:42:18,False,,,Response,13,prediction_poem_lengths,7.5,ModularPage,True,"{""time_taken"": 12, ""prompt"": {}, ""control"": {""width"": ""160px"", ""text_align"": ""right""}}",Response,_Response
{},103,2026-06-15 20:42:18,False,,,Response,13,info,,InfoPage,True,"{""prompt"": {}, ""control"": {}, ""time_taken"": 5}",Response,_Response
{},104,2026-06-15 20:42:18,False,,,Response,13,SuccessfulEndLogic,Finish,ModularPage,True,"{""choices"": [""Finish""], ""labels"": [""Finish""], ""time_taken"": 0.0, ""prompt"": {}, ""control"": {""choices"": [""Finish""], ""labels"": {""py/id"": 5}}}",Response,_Response
{},105,2026-06-15 20:42:18,False,,,Response,14,info,,InfoPage,True,"{""prompt"": {}, ""control"": {}, ""time_taken"": 10}",Response,_Response
{},106,2026-06-15 20:42:19,False,,,Response,14,prediction_movie_run_times,113.6,ModularPage,True,"{""time_taken"": 12, ""prompt"": {}, ""control"": {""width"": ""160px"", ""text_align"": ""right""}}",Response,_Response
{},107,2026-06-15 20:42:19,False,,,Response,14,prediction_poem_lengths,115.5,ModularPage,True,"{""time_taken"": 12, ""prompt"": {}, ""control"": {""width"": ""160px"", ""text_align"": ""right""}}",Response,_Response
{},108,2026-06-15 20:42:19,False,,,Response,14,prediction_waiting_times,13.6,ModularPage,True,"{""time_taken"": 12, ""prompt"": {}, ""control"": {""width"": ""160px"", ""text_align"": ""right""}}",Response,_Response
{},109,2026-06-15 20:42:19,False,,,Response,14,prediction_life_spans,71.6,ModularPage,True,"{""time_taken"": 12, ""prompt"": {}, ""control"": {""width"": ""160px"", ""text_align"": ""right""}}",Response,_Response
{},110,2026-06-15 20:42:19,False,,,Response,14,prediction_marriages,21.3,ModularPage,True,"{""time_taken"": 12, ""prompt"": {}, ""control"": {""width"": ""160px"", ""text_align"": ""right""}}",Response,_Response
{},111,2026-06-15 20:42:19,False,,,Response,14,info,,InfoPage,True,"{""prompt"": {}, ""control"": {}, ""time_taken"": 5}",Response,_Response
{},112,2026-06-15 20:42:20,False,,,Response,14,SuccessfulEndLogic,Finish,ModularPage,True,"{""choices"": [""Finish""], ""labels"": [""Finish""], ""time_taken"": 0.0, ""prompt"": {}, ""control"": {""choices"": [""Finish""], ""labels"": {""py/id"": 5}}}",Response,_Response
{},113,2026-06-15 20:42:20,False,,,Response,15,info,,InfoPage,True,"{""prompt"": {}, ""control"": {}, ""time_taken"": 10}",Response,_Response
{},114,2026-06-15 20:42:20,False,,,Response,15,prediction_movie_run_times,96.4,ModularPage,True,"{""time_taken"": 12, ""prompt"": {}, ""control"": {""width"": ""160px"", ""text_align"": ""right""}}",Response,_Response
{},115,2026-06-15 20:42:20,False,,,Response,15,prediction_poem_lengths,58.2,ModularPage,True,"{""time_taken"": 12, ""prompt"": {}, ""control"": {""width"": ""160px"", ""text_align"": ""right""}}",Response,_Response
{},116,2026-06-15 20:42:20,False,,,Response,15,prediction_waiting_times,29.8,ModularPage,True,"{""time_taken"": 12, ""prompt"": {}, ""control"": {""width"": ""160px"", ""text_align"": ""right""}}",Response,_Response
{},117,2026-06-15 20:42:20,False,,,Response,15,prediction_life_spans,89.2,ModularPage,True,"{""time_taken"": 12, ""prompt"": {}, ""control"": {""width"": ""160px"", ""text_align"": ""right""}}",Response,_Response
{},118,2026-06-15 20:42:21,False,,,Response,15,prediction_marriages,25.8,ModularPage,True,"{""time_taken"": 12, ""prompt"": {}, ""control"": {""width"": ""160px"", ""text_align"": ""right""}}",Response,_Response
{},119,2026-06-15 20:42:21,False,,,Response,15,info,,InfoPage,True,"{""prompt"": {}, ""control"": {}, ""time_taken"": 5}",Response,_Response
{},120,2026-06-15 20:42:21,False,,,Response,15,SuccessfulEndLogic,Finish,ModularPage,True,"{""choices"": [""Finish""], ""labels"": [""Finish""], ""time_taken"": 0.0, ""prompt"": {}, ""control"": {""choices"": [""Finish""], ""labels"": {""py/id"": 5}}}",Response,_Response
{},121,2026-06-15 20:42:21,False,,,Response,16,info,,InfoPage,True,"{""prompt"": {}, ""control"": {}, ""time_taken"": 10}",Response,_Response
{},122,2026-06-15 20:42:21,False,,,Response,16,prediction_marriages,21.0,ModularPage,True,"{""time_taken"": 12, ""prompt"": {}, ""control"": {""width"": ""160px"", ""text_align"": ""right""}}",Response,_Response
{},123,2026-06-15 20:42:21,False,,,Response,16,prediction_movie_run_times,57.4,ModularPage,True,"{""time_taken"": 12, ""prompt"": {}, ""control"": {""width"": ""160px"", ""text_align"": ""right""}}",Response,_Response
{},124,2026-06-15 20:42:22,False,,,Response,16,prediction_poem_lengths,54.6,ModularPage,True,"{""time_taken"": 12, ""prompt"": {}, ""control"": {""width"": ""160px"", ""text_align"": ""right""}}",Response,_Response
{},125,2026-06-15 20:42:22,False,,,Response,16,prediction_waiting_times,13.3,ModularPage,True,"{""time_taken"": 12, ""prompt"": {}, ""control"": {""width"": ""160px"", ""text_align"": ""right""}}",Response,_Response
{},126,2026-06-15 20:42:22,False,,,Response,16,prediction_life_spans,96,ModularPage,True,"{""time_taken"": 12, ""prompt"": {}, ""control"": {""width"": ""160px"", ""text_align"": ""right""}}",Response,_Response
{},127,2026-06-15 20:42:22,False,,,Response,16,info,,InfoPage,True,"{""prompt"": {}, ""control"": {}, ""time_taken"": 5}",Response,_Response
{},128,2026-06-15 20:42:22,False,,,Response,16,SuccessfulEndLogic,Finish,ModularPage,True,"{""choices"": [""Finish""], ""labels"": [""Finish""], ""time_taken"": 0.0, ""prompt"": {}, ""control"": {""choices"": [""Finish""], ""labels"": {""py/id"": 5}}}",Response,_Response
{},129,2026-06-15 20:42:22,False,,,Response,17,info,,InfoPage,True,"{""prompt"": {}, ""control"": {}, ""time_taken"": 10}",Response,_Response
{},130,2026-06-15 20:42:23,False,,,Response,17,prediction_waiting_times,29.2,ModularPage,True,"{""time_taken"": 12, ""prompt"": {}, ""control"": {""width"": ""160px"", ""text_align"": ""right""}}",Response,_Response
{},131,2026-06-15 20:42:23,False,,,Response,17,prediction_marriages,29.1,ModularPage,True,"{""time_taken"": 12, ""prompt"": {}, ""control"": {""width"": ""160px"", ""text_align"": ""right""}}",Response,_Response
{},132,2026-06-15 20:42:23,False,,,Response,17,prediction_poem_lengths,14.1,ModularPage,True,"{""time_taken"": 12, ""prompt"": {}, ""control"": {""width"": ""160px"", ""text_align"": ""right""}}",Response,_Response
{},133,2026-06-15 20:42:23,False,,,Response,17,prediction_life_spans,84.2,ModularPage,True,"{""time_taken"": 12, ""prompt"": {}, ""control"": {""width"": ""160px"", ""text_align"": ""right""}}",Response,_Response
{},134,2026-06-15 20:42:23,False,,,Response,17,prediction_movie_run_times,96.0,ModularPage,True,"{""time_taken"": 12, ""prompt"": {}, ""control"": {""width"": ""160px"", ""text_align"": ""right""}}",Response,_Response
{},135,2026-06-15 20:42:23,False,,,Response,17,info,,InfoPage,True,"{""prompt"": {}, ""control"": {}, ""time_taken"": 5}",Response,_Response
{},136,2026-06-15 20:42:23,False,,,Response,17,SuccessfulEndLogic,Finish,ModularPage,True,"{""choices"": [""Finish""], ""labels"": [""Finish""], ""time_taken"": 0.0, ""prompt"": {}, ""control"": {""choices"": [""Finish""], ""labels"": {""py/id"": 5}}}",Response,_Response
{},137,2026-06-15 20:42:24,False,,,Response,18,info,,InfoPage,True,"{""prompt"": {}, ""control"": {}, ""time_taken"": 10}",Response,_Response
{},138,2026-06-15 20:42:24,False,,,Response,18,prediction_movie_run_times,108.0,ModularPage,True,"{""time_taken"": 12, ""prompt"": {}, ""control"": {""width"": ""160px"", ""text_align"": ""right""}}",Response,_Response
{},139,2026-06-15 20:42:24,False,,,Response,18,prediction_life_spans,63.3,ModularPage,True,"{""time_taken"": 12, ""prompt"": {}, ""control"": {""width"": ""160px"", ""text_align"": ""right""}}",Response,_Response
{},140,2026-06-15 20:42:24,False,,,Response,18,prediction_marriages,24.4,ModularPage,True,"{""time_taken"": 12, ""prompt"": {}, ""control"": {""width"": ""160px"", ""text_align"": ""right""}}",Response,_Response
{},141,2026-06-15 20:42:24,False,,,Response,18,prediction_waiting_times,11.1,ModularPage,True,"{""time_taken"": 12, ""prompt"": {}, ""control"": {""width"": ""160px"", ""text_align"": ""right""}}",Response,_Response
{},142,2026-06-15 20:42:25,False,,,Response,18,prediction_poem_lengths,24.6,ModularPage,True,"{""time_taken"": 12, ""prompt"": {}, ""control"": {""width"": ""160px"", ""text_align"": ""right""}}",Response,_Response
{},143,2026-06-15 20:42:25,False,,,Response,18,info,,InfoPage,True,"{""prompt"": {}, ""control"": {}, ""time_taken"": 5}",Response,_Response
{},144,2026-06-15 20:42:25,False,,,Response,18,SuccessfulEndLogic,Finish,ModularPage,True,"{""choices"": [""Finish""], ""labels"": [""Finish""], ""time_taken"": 0.0, ""prompt"": {}, ""control"": {""choices"": [""Finish""], ""labels"": {""py/id"": 5}}}",Response,_Response
