_initial_assets,vars,id,creation_time,failed,failed_reason,time_of_death,type,origin_id,network_id,contents,complete,node_id,participant_id,module_state_id,trial_maker_id,definition,finalized,is_repeat_trial,score,performance_reward,parent_trial_id,answer,propagate_failure,response_id,repeat_trial_index,n_repeat_trials,time_taken,time_credit_before_trial,time_credit_after_trial,time_credit_from_trial,progress_before_trial,progress_after_trial,async_post_trial_required,async_post_trial_requested,async_post_trial_complete,async_post_trial_failed,block_position,block,class,object_type,initial_vector,initial_index,active_index,reverse_scale,updated_vector,profile_metadata,async_post_trial_completed,vector
{},"{""profile_metadata"": {""bot_profile"": ""normal_rgb"", ""participant_id"": 1, ""participant_group"": ""B"", ""target"": ""banana"", ""active_channel"": ""green"", ""active_index"": 1, ""starting_values"": [25, 129, 33], ""submitted_channel_response"": 105, ""response_distance_from_start"": 24}, ""async_post_trial_completed"": true}",1,2026-06-15 09:30:16,False,,,CustomTrial,8,8,,True,8,1,1,gibbs_demo,"{""vector"": [25, 129, 33], ""initial_index"": 1, ""active_index"": 1, ""reverse_scale"": false}",True,False,,0.0,6.0,105,False,2,,,5.0,5.0,10.0,5.0,0.08333333333333333,0.16666666666666666,True,True,True,False,0,default,CustomTrial,Info,"[25, 129, 33]",1,1,False,"[25, 105, 33]","{""bot_profile"": ""normal_rgb"", ""participant_id"": 1, ""participant_group"": ""B"", ""target"": ""banana"", ""active_channel"": ""green"", ""active_index"": 1, ""starting_values"": [25, 129, 33], ""submitted_channel_response"": 105, ""response_distance_from_start"": 24}",True,"[25, 129, 33]"
{},"{""profile_metadata"": {""bot_profile"": ""normal_rgb"", ""participant_id"": 1, ""participant_group"": ""B"", ""target"": ""rock"", ""active_channel"": ""blue"", ""active_index"": 2, ""starting_values"": [216, 122, 161], ""submitted_channel_response"": 168, ""response_distance_from_start"": 7}, ""async_post_trial_completed"": true}",2,2026-06-15 09:30:16,False,,,CustomTrial,4,4,,True,4,1,1,gibbs_demo,"{""vector"": [216, 122, 161], ""initial_index"": 2, ""active_index"": 2, ""reverse_scale"": true}",True,False,,0.0,5.0,168,False,3,,,5.0,10.0,15.0,5.0,0.16666666666666666,0.25,True,True,True,False,0,default,CustomTrial,Info,"[216, 122, 161]",2,2,True,"[216, 122, 168]","{""bot_profile"": ""normal_rgb"", ""participant_id"": 1, ""participant_group"": ""B"", ""target"": ""rock"", ""active_channel"": ""blue"", ""active_index"": 2, ""starting_values"": [216, 122, 161], ""submitted_channel_response"": 168, ""response_distance_from_start"": 7}",True,"[216, 122, 161]"
{},"{""profile_metadata"": {""bot_profile"": ""normal_rgb"", ""participant_id"": 1, ""participant_group"": ""B"", ""target"": ""tree"", ""active_channel"": ""blue"", ""active_index"": 2, ""starting_values"": [115, 76, 200], ""submitted_channel_response"": 168, ""response_distance_from_start"": 32}, ""async_post_trial_completed"": true}",3,2026-06-15 09:30:16,False,,,CustomTrial,2,2,,True,2,1,1,gibbs_demo,"{""vector"": [115, 76, 200], ""initial_index"": 2, ""active_index"": 2, ""reverse_scale"": false}",True,False,,0.0,,168,False,4,,,5.0,15.0,20.0,5.0,0.25,0.3333333333333333,True,True,True,False,0,default,CustomTrial,Info,"[115, 76, 200]",2,2,False,"[115, 76, 168]","{""bot_profile"": ""normal_rgb"", ""participant_id"": 1, ""participant_group"": ""B"", ""target"": ""tree"", ""active_channel"": ""blue"", ""active_index"": 2, ""starting_values"": [115, 76, 200], ""submitted_channel_response"": 168, ""response_distance_from_start"": 32}",True,"[115, 76, 200]"
{},"{""profile_metadata"": {""bot_profile"": ""normal_rgb"", ""participant_id"": 1, ""participant_group"": ""B"", ""target"": ""carrot"", ""active_channel"": ""blue"", ""active_index"": 2, ""starting_values"": [233, 143, 199], ""submitted_channel_response"": 214, ""response_distance_from_start"": 15}, ""async_post_trial_completed"": true}",4,2026-06-15 09:30:16,False,,,CustomTrial,6,6,,True,6,1,1,gibbs_demo,"{""vector"": [233, 143, 199], ""initial_index"": 2, ""active_index"": 2, ""reverse_scale"": false}",True,False,,0.0,7.0,214,False,5,,,5.0,20.0,25.0,5.0,0.3333333333333333,0.41666666666666663,True,True,True,False,0,default,CustomTrial,Info,"[233, 143, 199]",2,2,False,"[233, 143, 214]","{""bot_profile"": ""normal_rgb"", ""participant_id"": 1, ""participant_group"": ""B"", ""target"": ""carrot"", ""active_channel"": ""blue"", ""active_index"": 2, ""starting_values"": [233, 143, 199], ""submitted_channel_response"": 214, ""response_distance_from_start"": 15}",True,"[233, 143, 199]"
,"{""profile_metadata"": {""bot_profile"": ""normal_rgb"", ""participant_id"": 1, ""participant_group"": ""B"", ""target"": ""rock"", ""active_channel"": ""blue"", ""active_index"": 2, ""starting_values"": [216, 122, 161], ""submitted_channel_response"": 153, ""response_distance_from_start"": 8}, ""async_post_trial_completed"": true}",5,2026-06-15 09:30:17,False,,,CustomTrial,4,4,,True,4,1,1,gibbs_demo,"{""vector"": [216, 122, 161], ""initial_index"": 2, ""active_index"": 2, ""reverse_scale"": true}",True,True,,0.0,,153,False,6,0.0,3.0,5.0,25.0,30.0,5.0,0.41666666666666663,0.49999999999999994,True,True,True,False,0,default,CustomTrial,Info,"[216, 122, 161]",2,2,True,"[216, 122, 153]","{""bot_profile"": ""normal_rgb"", ""participant_id"": 1, ""participant_group"": ""B"", ""target"": ""rock"", ""active_channel"": ""blue"", ""active_index"": 2, ""starting_values"": [216, 122, 161], ""submitted_channel_response"": 153, ""response_distance_from_start"": 8}",True,"[216, 122, 161]"
,"{""profile_metadata"": {""bot_profile"": ""normal_rgb"", ""participant_id"": 1, ""participant_group"": ""B"", ""target"": ""banana"", ""active_channel"": ""green"", ""active_index"": 1, ""starting_values"": [25, 129, 33], ""submitted_channel_response"": 143, ""response_distance_from_start"": 14}, ""async_post_trial_completed"": true}",6,2026-06-15 09:30:17,False,,,CustomTrial,8,8,,True,8,1,1,gibbs_demo,"{""vector"": [25, 129, 33], ""initial_index"": 1, ""active_index"": 1, ""reverse_scale"": false}",True,True,,0.0,,143,False,7,1.0,3.0,5.0,30.0,35.0,5.0,0.49999999999999994,0.5833333333333333,True,True,True,False,0,default,CustomTrial,Info,"[25, 129, 33]",1,1,False,"[25, 143, 33]","{""bot_profile"": ""normal_rgb"", ""participant_id"": 1, ""participant_group"": ""B"", ""target"": ""banana"", ""active_channel"": ""green"", ""active_index"": 1, ""starting_values"": [25, 129, 33], ""submitted_channel_response"": 143, ""response_distance_from_start"": 14}",True,"[25, 129, 33]"
,"{""profile_metadata"": {""bot_profile"": ""normal_rgb"", ""participant_id"": 1, ""participant_group"": ""B"", ""target"": ""carrot"", ""active_channel"": ""blue"", ""active_index"": 2, ""starting_values"": [233, 143, 199], ""submitted_channel_response"": 218, ""response_distance_from_start"": 19}, ""async_post_trial_completed"": true}",7,2026-06-15 09:30:17,False,,,CustomTrial,6,6,,True,6,1,1,gibbs_demo,"{""vector"": [233, 143, 199], ""initial_index"": 2, ""active_index"": 2, ""reverse_scale"": false}",True,True,,0.0,,218,False,8,2.0,3.0,5.0,35.0,40.0,5.0,0.5833333333333333,0.6666666666666666,True,True,True,False,0,default,CustomTrial,Info,"[233, 143, 199]",2,2,False,"[233, 143, 218]","{""bot_profile"": ""normal_rgb"", ""participant_id"": 1, ""participant_group"": ""B"", ""target"": ""carrot"", ""active_channel"": ""blue"", ""active_index"": 2, ""starting_values"": [233, 143, 199], ""submitted_channel_response"": 218, ""response_distance_from_start"": 19}",True,"[233, 143, 199]"
{},"{""profile_metadata"": {""bot_profile"": ""random"", ""participant_id"": 2, ""participant_group"": ""A"", ""target"": ""rock"", ""active_channel"": ""green"", ""active_index"": 1, ""starting_values"": [125, 212, 146], ""submitted_channel_response"": 159, ""response_distance_from_start"": 53}, ""async_post_trial_completed"": true}",8,2026-06-15 09:30:18,False,,,CustomTrial,3,3,,True,3,2,3,gibbs_demo,"{""vector"": [125, 212, 146], ""initial_index"": 1, ""active_index"": 1, ""reverse_scale"": false}",True,False,,0.0,12.0,159,False,15,,,5.0,5.0,10.0,5.0,0.08333333333333333,0.16666666666666666,True,True,True,False,0,default,CustomTrial,Info,"[125, 212, 146]",1,1,False,"[125, 159, 146]","{""bot_profile"": ""random"", ""participant_id"": 2, ""participant_group"": ""A"", ""target"": ""rock"", ""active_channel"": ""green"", ""active_index"": 1, ""starting_values"": [125, 212, 146], ""submitted_channel_response"": 159, ""response_distance_from_start"": 53}",True,"[125, 212, 146]"
{},"{""profile_metadata"": {""bot_profile"": ""random"", ""participant_id"": 2, ""participant_group"": ""A"", ""target"": ""carrot"", ""active_channel"": ""green"", ""active_index"": 1, ""starting_values"": [135, 190, 38], ""submitted_channel_response"": 232, ""response_distance_from_start"": 42}, ""async_post_trial_completed"": true}",9,2026-06-15 09:30:18,False,,,CustomTrial,5,5,,True,5,2,3,gibbs_demo,"{""vector"": [135, 190, 38], ""initial_index"": 1, ""active_index"": 1, ""reverse_scale"": true}",True,False,,0.0,14.0,232,False,16,,,5.0,10.0,15.0,5.0,0.16666666666666666,0.25,True,True,True,False,0,default,CustomTrial,Info,"[135, 190, 38]",1,1,True,"[135, 232, 38]","{""bot_profile"": ""random"", ""participant_id"": 2, ""participant_group"": ""A"", ""target"": ""carrot"", ""active_channel"": ""green"", ""active_index"": 1, ""starting_values"": [135, 190, 38], ""submitted_channel_response"": 232, ""response_distance_from_start"": 42}",True,"[135, 190, 38]"
{},"{""profile_metadata"": {""bot_profile"": ""random"", ""participant_id"": 2, ""participant_group"": ""A"", ""target"": ""tree"", ""active_channel"": ""green"", ""active_index"": 1, ""starting_values"": [148, 149, 176], ""submitted_channel_response"": 248, ""response_distance_from_start"": 99}, ""async_post_trial_completed"": true}",10,2026-06-15 09:30:18,False,,,CustomTrial,1,1,,True,1,2,3,gibbs_demo,"{""vector"": [148, 149, 176], ""initial_index"": 1, ""active_index"": 1, ""reverse_scale"": false}",True,False,,0.0,,248,False,17,,,5.0,15.0,20.0,5.0,0.25,0.3333333333333333,True,True,True,False,0,default,CustomTrial,Info,"[148, 149, 176]",1,1,False,"[148, 248, 176]","{""bot_profile"": ""random"", ""participant_id"": 2, ""participant_group"": ""A"", ""target"": ""tree"", ""active_channel"": ""green"", ""active_index"": 1, ""starting_values"": [148, 149, 176], ""submitted_channel_response"": 248, ""response_distance_from_start"": 99}",True,"[148, 149, 176]"
{},"{""profile_metadata"": {""bot_profile"": ""random"", ""participant_id"": 2, ""participant_group"": ""A"", ""target"": ""banana"", ""active_channel"": ""green"", ""active_index"": 1, ""starting_values"": [205, 194, 146], ""submitted_channel_response"": 9, ""response_distance_from_start"": 185}, ""async_post_trial_completed"": true}",11,2026-06-15 09:30:19,False,,,CustomTrial,7,7,,True,7,2,3,gibbs_demo,"{""vector"": [205, 194, 146], ""initial_index"": 1, ""active_index"": 1, ""reverse_scale"": false}",True,False,,0.0,13.0,9,False,18,,,5.0,20.0,25.0,5.0,0.3333333333333333,0.41666666666666663,True,True,True,False,0,default,CustomTrial,Info,"[205, 194, 146]",1,1,False,"[205, 9, 146]","{""bot_profile"": ""random"", ""participant_id"": 2, ""participant_group"": ""A"", ""target"": ""banana"", ""active_channel"": ""green"", ""active_index"": 1, ""starting_values"": [205, 194, 146], ""submitted_channel_response"": 9, ""response_distance_from_start"": 185}",True,"[205, 194, 146]"
,"{""profile_metadata"": {""bot_profile"": ""random"", ""participant_id"": 2, ""participant_group"": ""A"", ""target"": ""rock"", ""active_channel"": ""green"", ""active_index"": 1, ""starting_values"": [125, 212, 146], ""submitted_channel_response"": 105, ""response_distance_from_start"": 107}, ""async_post_trial_completed"": true}",12,2026-06-15 09:30:19,False,,,CustomTrial,3,3,,True,3,2,3,gibbs_demo,"{""vector"": [125, 212, 146], ""initial_index"": 1, ""active_index"": 1, ""reverse_scale"": false}",True,True,,0.0,,105,False,19,0.0,3.0,5.0,25.0,30.0,5.0,0.41666666666666663,0.49999999999999994,True,True,True,False,0,default,CustomTrial,Info,"[125, 212, 146]",1,1,False,"[125, 105, 146]","{""bot_profile"": ""random"", ""participant_id"": 2, ""participant_group"": ""A"", ""target"": ""rock"", ""active_channel"": ""green"", ""active_index"": 1, ""starting_values"": [125, 212, 146], ""submitted_channel_response"": 105, ""response_distance_from_start"": 107}",True,"[125, 212, 146]"
,"{""profile_metadata"": {""bot_profile"": ""random"", ""participant_id"": 2, ""participant_group"": ""A"", ""target"": ""banana"", ""active_channel"": ""green"", ""active_index"": 1, ""starting_values"": [205, 194, 146], ""submitted_channel_response"": 168, ""response_distance_from_start"": 26}, ""async_post_trial_completed"": true}",13,2026-06-15 09:30:19,False,,,CustomTrial,7,7,,True,7,2,3,gibbs_demo,"{""vector"": [205, 194, 146], ""initial_index"": 1, ""active_index"": 1, ""reverse_scale"": false}",True,True,,0.0,,168,False,20,1.0,3.0,5.0,30.0,35.0,5.0,0.49999999999999994,0.5833333333333333,True,True,True,False,0,default,CustomTrial,Info,"[205, 194, 146]",1,1,False,"[205, 168, 146]","{""bot_profile"": ""random"", ""participant_id"": 2, ""participant_group"": ""A"", ""target"": ""banana"", ""active_channel"": ""green"", ""active_index"": 1, ""starting_values"": [205, 194, 146], ""submitted_channel_response"": 168, ""response_distance_from_start"": 26}",True,"[205, 194, 146]"
,"{""profile_metadata"": {""bot_profile"": ""random"", ""participant_id"": 2, ""participant_group"": ""A"", ""target"": ""carrot"", ""active_channel"": ""green"", ""active_index"": 1, ""starting_values"": [135, 190, 38], ""submitted_channel_response"": 129, ""response_distance_from_start"": 61}, ""async_post_trial_completed"": true}",14,2026-06-15 09:30:19,False,,,CustomTrial,5,5,,True,5,2,3,gibbs_demo,"{""vector"": [135, 190, 38], ""initial_index"": 1, ""active_index"": 1, ""reverse_scale"": true}",True,True,,0.0,,129,False,21,2.0,3.0,5.0,35.0,40.0,5.0,0.5833333333333333,0.6666666666666666,True,True,True,False,0,default,CustomTrial,Info,"[135, 190, 38]",1,1,True,"[135, 129, 38]","{""bot_profile"": ""random"", ""participant_id"": 2, ""participant_group"": ""A"", ""target"": ""carrot"", ""active_channel"": ""green"", ""active_index"": 1, ""starting_values"": [135, 190, 38], ""submitted_channel_response"": 129, ""response_distance_from_start"": 61}",True,"[135, 190, 38]"
{},"{""profile_metadata"": {""bot_profile"": ""normal_rgb"", ""participant_id"": 3, ""participant_group"": ""B"", ""target"": ""carrot"", ""active_channel"": ""blue"", ""active_index"": 2, ""starting_values"": [233, 143, 184], ""submitted_channel_response"": 202, ""response_distance_from_start"": 18}, ""async_post_trial_completed"": true}",15,2026-06-15 09:30:20,False,,,CustomTrial,6,6,,True,6,3,5,gibbs_demo,"{""vector"": [233, 143, 184], ""initial_index"": 2, ""active_index"": 2, ""reverse_scale"": true}",True,False,,0.0,20.0,202,False,28,,,5.0,5.0,10.0,5.0,0.08333333333333333,0.16666666666666666,True,True,True,False,0,default,CustomTrial,Info,"[233, 143, 184]",2,2,True,"[233, 143, 202]","{""bot_profile"": ""normal_rgb"", ""participant_id"": 3, ""participant_group"": ""B"", ""target"": ""carrot"", ""active_channel"": ""blue"", ""active_index"": 2, ""starting_values"": [233, 143, 184], ""submitted_channel_response"": 202, ""response_distance_from_start"": 18}",True,"[233, 143, 184]"
{},"{""profile_metadata"": {""bot_profile"": ""normal_rgb"", ""participant_id"": 3, ""participant_group"": ""B"", ""target"": ""banana"", ""active_channel"": ""green"", ""active_index"": 1, ""starting_values"": [25, 101, 33], ""submitted_channel_response"": 46, ""response_distance_from_start"": 55}, ""async_post_trial_completed"": true}",16,2026-06-15 09:30:20,False,,,CustomTrial,8,8,,True,8,3,5,gibbs_demo,"{""vector"": [25, 101, 33], ""initial_index"": 1, ""active_index"": 1, ""reverse_scale"": true}",True,False,,0.0,19.0,46,False,29,,,5.0,10.0,15.0,5.0,0.16666666666666666,0.25,True,True,True,False,0,default,CustomTrial,Info,"[25, 101, 33]",1,1,True,"[25, 46, 33]","{""bot_profile"": ""normal_rgb"", ""participant_id"": 3, ""participant_group"": ""B"", ""target"": ""banana"", ""active_channel"": ""green"", ""active_index"": 1, ""starting_values"": [25, 101, 33], ""submitted_channel_response"": 46, ""response_distance_from_start"": 55}",True,"[25, 101, 33]"
{},"{""profile_metadata"": {""bot_profile"": ""normal_rgb"", ""participant_id"": 3, ""participant_group"": ""B"", ""target"": ""rock"", ""active_channel"": ""blue"", ""active_index"": 2, ""starting_values"": [216, 122, 30], ""submitted_channel_response"": 77, ""response_distance_from_start"": 47}, ""async_post_trial_completed"": true}",17,2026-06-15 09:30:20,False,,,CustomTrial,4,4,,True,4,3,5,gibbs_demo,"{""vector"": [216, 122, 30], ""initial_index"": 2, ""active_index"": 2, ""reverse_scale"": false}",True,False,,0.0,21.0,77,False,30,,,5.0,15.0,20.0,5.0,0.25,0.3333333333333333,True,True,True,False,0,default,CustomTrial,Info,"[216, 122, 30]",2,2,False,"[216, 122, 77]","{""bot_profile"": ""normal_rgb"", ""participant_id"": 3, ""participant_group"": ""B"", ""target"": ""rock"", ""active_channel"": ""blue"", ""active_index"": 2, ""starting_values"": [216, 122, 30], ""submitted_channel_response"": 77, ""response_distance_from_start"": 47}",True,"[216, 122, 30]"
{},"{""profile_metadata"": {""bot_profile"": ""normal_rgb"", ""participant_id"": 3, ""participant_group"": ""B"", ""target"": ""tree"", ""active_channel"": ""blue"", ""active_index"": 2, ""starting_values"": [115, 76, 206], ""submitted_channel_response"": 208, ""response_distance_from_start"": 2}, ""async_post_trial_completed"": true}",18,2026-06-15 09:30:21,False,,,CustomTrial,2,2,,True,2,3,5,gibbs_demo,"{""vector"": [115, 76, 206], ""initial_index"": 2, ""active_index"": 2, ""reverse_scale"": false}",True,False,,0.0,,208,False,31,,,5.0,20.0,25.0,5.0,0.3333333333333333,0.41666666666666663,True,True,True,False,0,default,CustomTrial,Info,"[115, 76, 206]",2,2,False,"[115, 76, 208]","{""bot_profile"": ""normal_rgb"", ""participant_id"": 3, ""participant_group"": ""B"", ""target"": ""tree"", ""active_channel"": ""blue"", ""active_index"": 2, ""starting_values"": [115, 76, 206], ""submitted_channel_response"": 208, ""response_distance_from_start"": 2}",True,"[115, 76, 206]"
,"{""profile_metadata"": {""bot_profile"": ""normal_rgb"", ""participant_id"": 3, ""participant_group"": ""B"", ""target"": ""banana"", ""active_channel"": ""green"", ""active_index"": 1, ""starting_values"": [25, 101, 33], ""submitted_channel_response"": 39, ""response_distance_from_start"": 62}, ""async_post_trial_completed"": true}",19,2026-06-15 09:30:21,False,,,CustomTrial,8,8,,True,8,3,5,gibbs_demo,"{""vector"": [25, 101, 33], ""initial_index"": 1, ""active_index"": 1, ""reverse_scale"": true}",True,True,,0.0,,39,False,32,0.0,3.0,5.0,25.0,30.0,5.0,0.41666666666666663,0.49999999999999994,True,True,True,False,0,default,CustomTrial,Info,"[25, 101, 33]",1,1,True,"[25, 39, 33]","{""bot_profile"": ""normal_rgb"", ""participant_id"": 3, ""participant_group"": ""B"", ""target"": ""banana"", ""active_channel"": ""green"", ""active_index"": 1, ""starting_values"": [25, 101, 33], ""submitted_channel_response"": 39, ""response_distance_from_start"": 62}",True,"[25, 101, 33]"
,"{""profile_metadata"": {""bot_profile"": ""normal_rgb"", ""participant_id"": 3, ""participant_group"": ""B"", ""target"": ""carrot"", ""active_channel"": ""blue"", ""active_index"": 2, ""starting_values"": [233, 143, 184], ""submitted_channel_response"": 235, ""response_distance_from_start"": 51}, ""async_post_trial_completed"": true}",20,2026-06-15 09:30:21,False,,,CustomTrial,6,6,,True,6,3,5,gibbs_demo,"{""vector"": [233, 143, 184], ""initial_index"": 2, ""active_index"": 2, ""reverse_scale"": true}",True,True,,0.0,,235,False,33,1.0,3.0,5.0,30.0,35.0,5.0,0.49999999999999994,0.5833333333333333,True,True,True,False,0,default,CustomTrial,Info,"[233, 143, 184]",2,2,True,"[233, 143, 235]","{""bot_profile"": ""normal_rgb"", ""participant_id"": 3, ""participant_group"": ""B"", ""target"": ""carrot"", ""active_channel"": ""blue"", ""active_index"": 2, ""starting_values"": [233, 143, 184], ""submitted_channel_response"": 235, ""response_distance_from_start"": 51}",True,"[233, 143, 184]"
,"{""profile_metadata"": {""bot_profile"": ""normal_rgb"", ""participant_id"": 3, ""participant_group"": ""B"", ""target"": ""rock"", ""active_channel"": ""blue"", ""active_index"": 2, ""starting_values"": [216, 122, 30], ""submitted_channel_response"": 36, ""response_distance_from_start"": 6}, ""async_post_trial_completed"": true}",21,2026-06-15 09:30:21,False,,,CustomTrial,4,4,,True,4,3,5,gibbs_demo,"{""vector"": [216, 122, 30], ""initial_index"": 2, ""active_index"": 2, ""reverse_scale"": false}",True,True,,0.0,,36,False,34,2.0,3.0,5.0,35.0,40.0,5.0,0.5833333333333333,0.6666666666666666,True,True,True,False,0,default,CustomTrial,Info,"[216, 122, 30]",2,2,False,"[216, 122, 36]","{""bot_profile"": ""normal_rgb"", ""participant_id"": 3, ""participant_group"": ""B"", ""target"": ""rock"", ""active_channel"": ""blue"", ""active_index"": 2, ""starting_values"": [216, 122, 30], ""submitted_channel_response"": 36, ""response_distance_from_start"": 6}",True,"[216, 122, 30]"
{},"{""profile_metadata"": {""bot_profile"": ""normal_rgb"", ""participant_id"": 4, ""participant_group"": ""A"", ""target"": ""banana"", ""active_channel"": ""green"", ""active_index"": 1, ""starting_values"": [205, 127, 146], ""submitted_channel_response"": 140, ""response_distance_from_start"": 13}, ""async_post_trial_completed"": true}",22,2026-06-15 09:30:22,False,,,CustomTrial,7,7,,True,7,4,7,gibbs_demo,"{""vector"": [205, 127, 146], ""initial_index"": 1, ""active_index"": 1, ""reverse_scale"": false}",True,False,,0.0,28.0,140,False,41,,,5.0,5.0,10.0,5.0,0.08333333333333333,0.16666666666666666,True,True,True,False,0,default,CustomTrial,Info,"[205, 127, 146]",1,1,False,"[205, 140, 146]","{""bot_profile"": ""normal_rgb"", ""participant_id"": 4, ""participant_group"": ""A"", ""target"": ""banana"", ""active_channel"": ""green"", ""active_index"": 1, ""starting_values"": [205, 127, 146], ""submitted_channel_response"": 140, ""response_distance_from_start"": 13}",True,"[205, 127, 146]"
{},"{""profile_metadata"": {""bot_profile"": ""normal_rgb"", ""participant_id"": 4, ""participant_group"": ""A"", ""target"": ""carrot"", ""active_channel"": ""green"", ""active_index"": 1, ""starting_values"": [135, 174, 38], ""submitted_channel_response"": 161, ""response_distance_from_start"": 13}, ""async_post_trial_completed"": true}",23,2026-06-15 09:30:22,False,,,CustomTrial,5,5,,True,5,4,7,gibbs_demo,"{""vector"": [135, 174, 38], ""initial_index"": 1, ""active_index"": 1, ""reverse_scale"": false}",True,False,,0.0,,161,False,42,,,5.0,10.0,15.0,5.0,0.16666666666666666,0.25,True,True,True,False,0,default,CustomTrial,Info,"[135, 174, 38]",1,1,False,"[135, 161, 38]","{""bot_profile"": ""normal_rgb"", ""participant_id"": 4, ""participant_group"": ""A"", ""target"": ""carrot"", ""active_channel"": ""green"", ""active_index"": 1, ""starting_values"": [135, 174, 38], ""submitted_channel_response"": 161, ""response_distance_from_start"": 13}",True,"[135, 174, 38]"
{},"{""profile_metadata"": {""bot_profile"": ""normal_rgb"", ""participant_id"": 4, ""participant_group"": ""A"", ""target"": ""rock"", ""active_channel"": ""green"", ""active_index"": 1, ""starting_values"": [125, 252, 146], ""submitted_channel_response"": 255, ""response_distance_from_start"": 3}, ""async_post_trial_completed"": true}",24,2026-06-15 09:30:23,False,,,CustomTrial,3,3,,True,3,4,7,gibbs_demo,"{""vector"": [125, 252, 146], ""initial_index"": 1, ""active_index"": 1, ""reverse_scale"": false}",True,False,,0.0,27.0,255,False,43,,,5.0,15.0,20.0,5.0,0.25,0.3333333333333333,True,True,True,False,0,default,CustomTrial,Info,"[125, 252, 146]",1,1,False,"[125, 255, 146]","{""bot_profile"": ""normal_rgb"", ""participant_id"": 4, ""participant_group"": ""A"", ""target"": ""rock"", ""active_channel"": ""green"", ""active_index"": 1, ""starting_values"": [125, 252, 146], ""submitted_channel_response"": 255, ""response_distance_from_start"": 3}",True,"[125, 252, 146]"
{},"{""profile_metadata"": {""bot_profile"": ""normal_rgb"", ""participant_id"": 4, ""participant_group"": ""A"", ""target"": ""tree"", ""active_channel"": ""green"", ""active_index"": 1, ""starting_values"": [148, 37, 176], ""submitted_channel_response"": 0, ""response_distance_from_start"": 37}, ""async_post_trial_completed"": true}",25,2026-06-15 09:30:23,False,,,CustomTrial,1,1,,True,1,4,7,gibbs_demo,"{""vector"": [148, 37, 176], ""initial_index"": 1, ""active_index"": 1, ""reverse_scale"": false}",True,False,,0.0,26.0,0,False,44,,,5.0,20.0,25.0,5.0,0.3333333333333333,0.41666666666666663,True,True,True,False,0,default,CustomTrial,Info,"[148, 37, 176]",1,1,False,"[148, 0, 176]","{""bot_profile"": ""normal_rgb"", ""participant_id"": 4, ""participant_group"": ""A"", ""target"": ""tree"", ""active_channel"": ""green"", ""active_index"": 1, ""starting_values"": [148, 37, 176], ""submitted_channel_response"": 0, ""response_distance_from_start"": 37}",True,"[148, 37, 176]"
,"{""profile_metadata"": {""bot_profile"": ""normal_rgb"", ""participant_id"": 4, ""participant_group"": ""A"", ""target"": ""tree"", ""active_channel"": ""green"", ""active_index"": 1, ""starting_values"": [148, 37, 176], ""submitted_channel_response"": 72, ""response_distance_from_start"": 35}, ""async_post_trial_completed"": true}",26,2026-06-15 09:30:23,False,,,CustomTrial,1,1,,True,1,4,7,gibbs_demo,"{""vector"": [148, 37, 176], ""initial_index"": 1, ""active_index"": 1, ""reverse_scale"": false}",True,True,,0.0,,72,False,45,0.0,3.0,5.0,25.0,30.0,5.0,0.41666666666666663,0.49999999999999994,True,True,True,False,0,default,CustomTrial,Info,"[148, 37, 176]",1,1,False,"[148, 72, 176]","{""bot_profile"": ""normal_rgb"", ""participant_id"": 4, ""participant_group"": ""A"", ""target"": ""tree"", ""active_channel"": ""green"", ""active_index"": 1, ""starting_values"": [148, 37, 176], ""submitted_channel_response"": 72, ""response_distance_from_start"": 35}",True,"[148, 37, 176]"
,"{""profile_metadata"": {""bot_profile"": ""normal_rgb"", ""participant_id"": 4, ""participant_group"": ""A"", ""target"": ""rock"", ""active_channel"": ""green"", ""active_index"": 1, ""starting_values"": [125, 252, 146], ""submitted_channel_response"": 255, ""response_distance_from_start"": 3}, ""async_post_trial_completed"": true}",27,2026-06-15 09:30:23,False,,,CustomTrial,3,3,,True,3,4,7,gibbs_demo,"{""vector"": [125, 252, 146], ""initial_index"": 1, ""active_index"": 1, ""reverse_scale"": false}",True,True,,0.0,,255,False,46,1.0,3.0,5.0,30.0,35.0,5.0,0.49999999999999994,0.5833333333333333,True,True,True,False,0,default,CustomTrial,Info,"[125, 252, 146]",1,1,False,"[125, 255, 146]","{""bot_profile"": ""normal_rgb"", ""participant_id"": 4, ""participant_group"": ""A"", ""target"": ""rock"", ""active_channel"": ""green"", ""active_index"": 1, ""starting_values"": [125, 252, 146], ""submitted_channel_response"": 255, ""response_distance_from_start"": 3}",True,"[125, 252, 146]"
,"{""profile_metadata"": {""bot_profile"": ""normal_rgb"", ""participant_id"": 4, ""participant_group"": ""A"", ""target"": ""banana"", ""active_channel"": ""green"", ""active_index"": 1, ""starting_values"": [205, 127, 146], ""submitted_channel_response"": 126, ""response_distance_from_start"": 1}, ""async_post_trial_completed"": true}",28,2026-06-15 09:30:23,False,,,CustomTrial,7,7,,True,7,4,7,gibbs_demo,"{""vector"": [205, 127, 146], ""initial_index"": 1, ""active_index"": 1, ""reverse_scale"": false}",True,True,,0.0,,126,False,47,2.0,3.0,5.0,35.0,40.0,5.0,0.5833333333333333,0.6666666666666666,True,True,True,False,0,default,CustomTrial,Info,"[205, 127, 146]",1,1,False,"[205, 126, 146]","{""bot_profile"": ""normal_rgb"", ""participant_id"": 4, ""participant_group"": ""A"", ""target"": ""banana"", ""active_channel"": ""green"", ""active_index"": 1, ""starting_values"": [205, 127, 146], ""submitted_channel_response"": 126, ""response_distance_from_start"": 1}",True,"[205, 127, 146]"
{},"{""profile_metadata"": {""bot_profile"": ""random"", ""participant_id"": 5, ""participant_group"": ""B"", ""target"": ""tree"", ""active_channel"": ""red"", ""active_index"": 0, ""starting_values"": [148, 76, 188], ""submitted_channel_response"": 182, ""response_distance_from_start"": 34}, ""async_post_trial_completed"": true}",29,2026-06-15 09:30:24,False,,,CustomTrial,9,2,,True,9,5,9,gibbs_demo,"{""vector"": [148, 76, 188], ""initial_index"": 2, ""active_index"": 0, ""reverse_scale"": true}",True,False,,0.0,34.0,182,False,54,,,5.0,5.0,10.0,5.0,0.08333333333333333,0.16666666666666666,True,True,True,False,0,default,CustomTrial,Info,"[148, 76, 188]",2,0,True,"[182, 76, 188]","{""bot_profile"": ""random"", ""participant_id"": 5, ""participant_group"": ""B"", ""target"": ""tree"", ""active_channel"": ""red"", ""active_index"": 0, ""starting_values"": [148, 76, 188], ""submitted_channel_response"": 182, ""response_distance_from_start"": 34}",True,"[148, 76, 188]"
{},"{""profile_metadata"": {""bot_profile"": ""random"", ""participant_id"": 5, ""participant_group"": ""B"", ""target"": ""banana"", ""active_channel"": ""blue"", ""active_index"": 2, ""starting_values"": [25, 75.5, 102], ""submitted_channel_response"": 159, ""response_distance_from_start"": 57}, ""async_post_trial_completed"": true}",30,2026-06-15 09:30:24,False,,,CustomTrial,10,8,,True,10,5,9,gibbs_demo,"{""vector"": [25, 75.5, 102], ""initial_index"": 1, ""active_index"": 2, ""reverse_scale"": false}",True,False,,0.0,33.0,159,False,55,,,5.0,10.0,15.0,5.0,0.16666666666666666,0.25,True,True,True,False,0,default,CustomTrial,Info,"[25, 75.5, 102]",1,2,False,"[25, 75.5, 159]","{""bot_profile"": ""random"", ""participant_id"": 5, ""participant_group"": ""B"", ""target"": ""banana"", ""active_channel"": ""blue"", ""active_index"": 2, ""starting_values"": [25, 75.5, 102], ""submitted_channel_response"": 159, ""response_distance_from_start"": 57}",True,"[25, 75.5, 102]"
{},"{""profile_metadata"": {""bot_profile"": ""random"", ""participant_id"": 5, ""participant_group"": ""B"", ""target"": ""rock"", ""active_channel"": ""red"", ""active_index"": 0, ""starting_values"": [67, 122, 122.5], ""submitted_channel_response"": 85, ""response_distance_from_start"": 18}, ""async_post_trial_completed"": true}",31,2026-06-15 09:30:24,False,,,CustomTrial,12,4,,True,12,5,9,gibbs_demo,"{""vector"": [67, 122, 122.5], ""initial_index"": 2, ""active_index"": 0, ""reverse_scale"": false}",True,False,,0.0,,85,False,56,,,5.0,15.0,20.0,5.0,0.25,0.3333333333333333,True,True,True,False,0,default,CustomTrial,Info,"[67, 122, 122.5]",2,0,False,"[85, 122, 122.5]","{""bot_profile"": ""random"", ""participant_id"": 5, ""participant_group"": ""B"", ""target"": ""rock"", ""active_channel"": ""red"", ""active_index"": 0, ""starting_values"": [67, 122, 122.5], ""submitted_channel_response"": 85, ""response_distance_from_start"": 18}",True,"[67, 122, 122.5]"
{},"{""profile_metadata"": {""bot_profile"": ""random"", ""participant_id"": 5, ""participant_group"": ""B"", ""target"": ""carrot"", ""active_channel"": ""red"", ""active_index"": 0, ""starting_values"": [254, 143, 208], ""submitted_channel_response"": 100, ""response_distance_from_start"": 154}, ""async_post_trial_completed"": true}",32,2026-06-15 09:30:25,False,,,CustomTrial,11,6,,True,11,5,9,gibbs_demo,"{""vector"": [254, 143, 208], ""initial_index"": 2, ""active_index"": 0, ""reverse_scale"": true}",True,False,,0.0,35.0,100,False,57,,,5.0,20.0,25.0,5.0,0.3333333333333333,0.41666666666666663,True,True,True,False,0,default,CustomTrial,Info,"[254, 143, 208]",2,0,True,"[100, 143, 208]","{""bot_profile"": ""random"", ""participant_id"": 5, ""participant_group"": ""B"", ""target"": ""carrot"", ""active_channel"": ""red"", ""active_index"": 0, ""starting_values"": [254, 143, 208], ""submitted_channel_response"": 100, ""response_distance_from_start"": 154}",True,"[254, 143, 208]"
,"{""profile_metadata"": {""bot_profile"": ""random"", ""participant_id"": 5, ""participant_group"": ""B"", ""target"": ""banana"", ""active_channel"": ""blue"", ""active_index"": 2, ""starting_values"": [25, 75.5, 102], ""submitted_channel_response"": 148, ""response_distance_from_start"": 46}, ""async_post_trial_completed"": true}",33,2026-06-15 09:30:25,False,,,CustomTrial,10,8,,True,10,5,9,gibbs_demo,"{""vector"": [25, 75.5, 102], ""initial_index"": 1, ""active_index"": 2, ""reverse_scale"": false}",True,True,,0.0,,148,False,58,0.0,3.0,5.0,25.0,30.0,5.0,0.41666666666666663,0.49999999999999994,True,True,True,False,0,default,CustomTrial,Info,"[25, 75.5, 102]",1,2,False,"[25, 75.5, 148]","{""bot_profile"": ""random"", ""participant_id"": 5, ""participant_group"": ""B"", ""target"": ""banana"", ""active_channel"": ""blue"", ""active_index"": 2, ""starting_values"": [25, 75.5, 102], ""submitted_channel_response"": 148, ""response_distance_from_start"": 46}",True,"[25, 75.5, 102]"
,"{""profile_metadata"": {""bot_profile"": ""random"", ""participant_id"": 5, ""participant_group"": ""B"", ""target"": ""tree"", ""active_channel"": ""red"", ""active_index"": 0, ""starting_values"": [148, 76, 188], ""submitted_channel_response"": 3, ""response_distance_from_start"": 145}, ""async_post_trial_completed"": true}",34,2026-06-15 09:30:25,False,,,CustomTrial,9,2,,True,9,5,9,gibbs_demo,"{""vector"": [148, 76, 188], ""initial_index"": 2, ""active_index"": 0, ""reverse_scale"": true}",True,True,,0.0,,3,False,59,1.0,3.0,5.0,30.0,35.0,5.0,0.49999999999999994,0.5833333333333333,True,True,True,False,0,default,CustomTrial,Info,"[148, 76, 188]",2,0,True,"[3, 76, 188]","{""bot_profile"": ""random"", ""participant_id"": 5, ""participant_group"": ""B"", ""target"": ""tree"", ""active_channel"": ""red"", ""active_index"": 0, ""starting_values"": [148, 76, 188], ""submitted_channel_response"": 3, ""response_distance_from_start"": 145}",True,"[148, 76, 188]"
,"{""profile_metadata"": {""bot_profile"": ""random"", ""participant_id"": 5, ""participant_group"": ""B"", ""target"": ""carrot"", ""active_channel"": ""red"", ""active_index"": 0, ""starting_values"": [254, 143, 208], ""submitted_channel_response"": 128, ""response_distance_from_start"": 126}, ""async_post_trial_completed"": true}",35,2026-06-15 09:30:25,False,,,CustomTrial,11,6,,True,11,5,9,gibbs_demo,"{""vector"": [254, 143, 208], ""initial_index"": 2, ""active_index"": 0, ""reverse_scale"": true}",True,True,,0.0,,128,False,60,2.0,3.0,5.0,35.0,40.0,5.0,0.5833333333333333,0.6666666666666666,True,True,True,False,0,default,CustomTrial,Info,"[254, 143, 208]",2,0,True,"[128, 143, 208]","{""bot_profile"": ""random"", ""participant_id"": 5, ""participant_group"": ""B"", ""target"": ""carrot"", ""active_channel"": ""red"", ""active_index"": 0, ""starting_values"": [254, 143, 208], ""submitted_channel_response"": 128, ""response_distance_from_start"": 126}",True,"[254, 143, 208]"
{},"{""profile_metadata"": {""bot_profile"": ""random"", ""participant_id"": 6, ""participant_group"": ""A"", ""target"": ""rock"", ""active_channel"": ""blue"", ""active_index"": 2, ""starting_values"": [125, 207, 81], ""submitted_channel_response"": 125, ""response_distance_from_start"": 44}, ""async_post_trial_completed"": true}",36,2026-06-15 09:30:26,False,,,CustomTrial,15,3,,True,15,6,11,gibbs_demo,"{""vector"": [125, 207, 81], ""initial_index"": 1, ""active_index"": 2, ""reverse_scale"": true}",True,False,,0.0,41.0,125,False,67,,,5.0,5.0,10.0,5.0,0.08333333333333333,0.16666666666666666,True,True,True,False,0,default,CustomTrial,Info,"[125, 207, 81]",1,2,True,"[125, 207, 125]","{""bot_profile"": ""random"", ""participant_id"": 6, ""participant_group"": ""A"", ""target"": ""rock"", ""active_channel"": ""blue"", ""active_index"": 2, ""starting_values"": [125, 207, 81], ""submitted_channel_response"": 125, ""response_distance_from_start"": 44}",True,"[125, 207, 81]"
{},"{""profile_metadata"": {""bot_profile"": ""random"", ""participant_id"": 6, ""participant_group"": ""A"", ""target"": ""carrot"", ""active_channel"": ""blue"", ""active_index"": 2, ""starting_values"": [135, 196.5, 2], ""submitted_channel_response"": 168, ""response_distance_from_start"": 166}, ""async_post_trial_completed"": true}",37,2026-06-15 09:30:26,False,,,CustomTrial,13,5,,True,13,6,11,gibbs_demo,"{""vector"": [135, 196.5, 2], ""initial_index"": 1, ""active_index"": 2, ""reverse_scale"": false}",True,False,,0.0,42.0,168,False,68,,,5.0,10.0,15.0,5.0,0.16666666666666666,0.25,True,True,True,False,0,default,CustomTrial,Info,"[135, 196.5, 2]",1,2,False,"[135, 196.5, 168]","{""bot_profile"": ""random"", ""participant_id"": 6, ""participant_group"": ""A"", ""target"": ""carrot"", ""active_channel"": ""blue"", ""active_index"": 2, ""starting_values"": [135, 196.5, 2], ""submitted_channel_response"": 168, ""response_distance_from_start"": 166}",True,"[135, 196.5, 2]"
{},"{""profile_metadata"": {""bot_profile"": ""random"", ""participant_id"": 6, ""participant_group"": ""A"", ""target"": ""banana"", ""active_channel"": ""blue"", ""active_index"": 2, ""starting_values"": [205, 74.5, 124], ""submitted_channel_response"": 130, ""response_distance_from_start"": 6}, ""async_post_trial_completed"": true}",38,2026-06-15 09:30:26,False,,,CustomTrial,16,7,,True,16,6,11,gibbs_demo,"{""vector"": [205, 74.5, 124], ""initial_index"": 1, ""active_index"": 2, ""reverse_scale"": false}",True,False,,0.0,,130,False,69,,,5.0,15.0,20.0,5.0,0.25,0.3333333333333333,True,True,True,False,0,default,CustomTrial,Info,"[205, 74.5, 124]",1,2,False,"[205, 74.5, 130]","{""bot_profile"": ""random"", ""participant_id"": 6, ""participant_group"": ""A"", ""target"": ""banana"", ""active_channel"": ""blue"", ""active_index"": 2, ""starting_values"": [205, 74.5, 124], ""submitted_channel_response"": 130, ""response_distance_from_start"": 6}",True,"[205, 74.5, 124]"
{},"{""profile_metadata"": {""bot_profile"": ""random"", ""participant_id"": 6, ""participant_group"": ""A"", ""target"": ""tree"", ""active_channel"": ""blue"", ""active_index"": 2, ""starting_values"": [148, 124, 46], ""submitted_channel_response"": 124, ""response_distance_from_start"": 78}, ""async_post_trial_completed"": true}",39,2026-06-15 09:30:27,False,,,CustomTrial,14,1,,True,14,6,11,gibbs_demo,"{""vector"": [148, 124, 46], ""initial_index"": 1, ""active_index"": 2, ""reverse_scale"": false}",True,False,,0.0,40.0,124,False,70,,,5.0,20.0,25.0,5.0,0.3333333333333333,0.41666666666666663,True,True,True,False,0,default,CustomTrial,Info,"[148, 124, 46]",1,2,False,"[148, 124, 124]","{""bot_profile"": ""random"", ""participant_id"": 6, ""participant_group"": ""A"", ""target"": ""tree"", ""active_channel"": ""blue"", ""active_index"": 2, ""starting_values"": [148, 124, 46], ""submitted_channel_response"": 124, ""response_distance_from_start"": 78}",True,"[148, 124, 46]"
,"{""profile_metadata"": {""bot_profile"": ""random"", ""participant_id"": 6, ""participant_group"": ""A"", ""target"": ""tree"", ""active_channel"": ""blue"", ""active_index"": 2, ""starting_values"": [148, 124, 46], ""submitted_channel_response"": 20, ""response_distance_from_start"": 26}, ""async_post_trial_completed"": true}",40,2026-06-15 09:30:27,False,,,CustomTrial,14,1,,True,14,6,11,gibbs_demo,"{""vector"": [148, 124, 46], ""initial_index"": 1, ""active_index"": 2, ""reverse_scale"": false}",True,True,,0.0,,20,False,71,0.0,3.0,5.0,25.0,30.0,5.0,0.41666666666666663,0.49999999999999994,True,True,True,False,0,default,CustomTrial,Info,"[148, 124, 46]",1,2,False,"[148, 124, 20]","{""bot_profile"": ""random"", ""participant_id"": 6, ""participant_group"": ""A"", ""target"": ""tree"", ""active_channel"": ""blue"", ""active_index"": 2, ""starting_values"": [148, 124, 46], ""submitted_channel_response"": 20, ""response_distance_from_start"": 26}",True,"[148, 124, 46]"
,"{""profile_metadata"": {""bot_profile"": ""random"", ""participant_id"": 6, ""participant_group"": ""A"", ""target"": ""rock"", ""active_channel"": ""blue"", ""active_index"": 2, ""starting_values"": [125, 207, 81], ""submitted_channel_response"": 199, ""response_distance_from_start"": 118}, ""async_post_trial_completed"": true}",41,2026-06-15 09:30:27,False,,,CustomTrial,15,3,,True,15,6,11,gibbs_demo,"{""vector"": [125, 207, 81], ""initial_index"": 1, ""active_index"": 2, ""reverse_scale"": true}",True,True,,0.0,,199,False,72,1.0,3.0,5.0,30.0,35.0,5.0,0.49999999999999994,0.5833333333333333,True,True,True,False,0,default,CustomTrial,Info,"[125, 207, 81]",1,2,True,"[125, 207, 199]","{""bot_profile"": ""random"", ""participant_id"": 6, ""participant_group"": ""A"", ""target"": ""rock"", ""active_channel"": ""blue"", ""active_index"": 2, ""starting_values"": [125, 207, 81], ""submitted_channel_response"": 199, ""response_distance_from_start"": 118}",True,"[125, 207, 81]"
,"{""profile_metadata"": {""bot_profile"": ""random"", ""participant_id"": 6, ""participant_group"": ""A"", ""target"": ""carrot"", ""active_channel"": ""blue"", ""active_index"": 2, ""starting_values"": [135, 196.5, 2], ""submitted_channel_response"": 183, ""response_distance_from_start"": 181}, ""async_post_trial_completed"": true}",42,2026-06-15 09:30:27,False,,,CustomTrial,13,5,,True,13,6,11,gibbs_demo,"{""vector"": [135, 196.5, 2], ""initial_index"": 1, ""active_index"": 2, ""reverse_scale"": false}",True,True,,0.0,,183,False,73,2.0,3.0,5.0,35.0,40.0,5.0,0.5833333333333333,0.6666666666666666,True,True,True,False,0,default,CustomTrial,Info,"[135, 196.5, 2]",1,2,False,"[135, 196.5, 183]","{""bot_profile"": ""random"", ""participant_id"": 6, ""participant_group"": ""A"", ""target"": ""carrot"", ""active_channel"": ""blue"", ""active_index"": 2, ""starting_values"": [135, 196.5, 2], ""submitted_channel_response"": 183, ""response_distance_from_start"": 181}",True,"[135, 196.5, 2]"
{},"{""profile_metadata"": {""bot_profile"": ""random"", ""participant_id"": 7, ""participant_group"": ""B"", ""target"": ""banana"", ""active_channel"": ""blue"", ""active_index"": 2, ""starting_values"": [25, 75.5, 166], ""submitted_channel_response"": 26, ""response_distance_from_start"": 140}, ""async_post_trial_completed"": true}",43,2026-06-15 09:30:28,False,,,CustomTrial,10,8,,True,10,7,13,gibbs_demo,"{""vector"": [25, 75.5, 166], ""initial_index"": 1, ""active_index"": 2, ""reverse_scale"": true}",True,False,,0.0,47.0,26,False,80,,,5.0,5.0,10.0,5.0,0.08333333333333333,0.16666666666666666,True,True,True,False,0,default,CustomTrial,Info,"[25, 75.5, 166]",1,2,True,"[25, 75.5, 26]","{""bot_profile"": ""random"", ""participant_id"": 7, ""participant_group"": ""B"", ""target"": ""banana"", ""active_channel"": ""blue"", ""active_index"": 2, ""starting_values"": [25, 75.5, 166], ""submitted_channel_response"": 26, ""response_distance_from_start"": 140}",True,"[25, 75.5, 166]"
{},"{""profile_metadata"": {""bot_profile"": ""random"", ""participant_id"": 7, ""participant_group"": ""B"", ""target"": ""carrot"", ""active_channel"": ""red"", ""active_index"": 0, ""starting_values"": [213, 143, 208], ""submitted_channel_response"": 152, ""response_distance_from_start"": 61}, ""async_post_trial_completed"": true}",44,2026-06-15 09:30:28,False,,,CustomTrial,11,6,,True,11,7,13,gibbs_demo,"{""vector"": [213, 143, 208], ""initial_index"": 2, ""active_index"": 0, ""reverse_scale"": false}",True,False,,0.0,49.0,152,False,81,,,5.0,10.0,15.0,5.0,0.16666666666666666,0.25,True,True,True,False,0,default,CustomTrial,Info,"[213, 143, 208]",2,0,False,"[152, 143, 208]","{""bot_profile"": ""random"", ""participant_id"": 7, ""participant_group"": ""B"", ""target"": ""carrot"", ""active_channel"": ""red"", ""active_index"": 0, ""starting_values"": [213, 143, 208], ""submitted_channel_response"": 152, ""response_distance_from_start"": 61}",True,"[213, 143, 208]"
{},"{""profile_metadata"": {""bot_profile"": ""random"", ""participant_id"": 7, ""participant_group"": ""B"", ""target"": ""tree"", ""active_channel"": ""red"", ""active_index"": 0, ""starting_values"": [73, 76, 188], ""submitted_channel_response"": 29, ""response_distance_from_start"": 44}, ""async_post_trial_completed"": true}",45,2026-06-15 09:30:28,False,,,CustomTrial,9,2,,True,9,7,13,gibbs_demo,"{""vector"": [73, 76, 188], ""initial_index"": 2, ""active_index"": 0, ""reverse_scale"": true}",True,False,,0.0,48.0,29,False,82,,,5.0,15.0,20.0,5.0,0.25,0.3333333333333333,True,True,True,False,0,default,CustomTrial,Info,"[73, 76, 188]",2,0,True,"[29, 76, 188]","{""bot_profile"": ""random"", ""participant_id"": 7, ""participant_group"": ""B"", ""target"": ""tree"", ""active_channel"": ""red"", ""active_index"": 0, ""starting_values"": [73, 76, 188], ""submitted_channel_response"": 29, ""response_distance_from_start"": 44}",True,"[73, 76, 188]"
{},"{""profile_metadata"": {""bot_profile"": ""random"", ""participant_id"": 7, ""participant_group"": ""B"", ""target"": ""rock"", ""active_channel"": ""red"", ""active_index"": 0, ""starting_values"": [168, 122, 122.5], ""submitted_channel_response"": 159, ""response_distance_from_start"": 9}, ""async_post_trial_completed"": true}",46,2026-06-15 09:30:29,False,,,CustomTrial,12,4,,True,12,7,13,gibbs_demo,"{""vector"": [168, 122, 122.5], ""initial_index"": 2, ""active_index"": 0, ""reverse_scale"": false}",True,False,,0.0,,159,False,83,,,5.0,20.0,25.0,5.0,0.3333333333333333,0.41666666666666663,True,True,True,False,0,default,CustomTrial,Info,"[168, 122, 122.5]",2,0,False,"[159, 122, 122.5]","{""bot_profile"": ""random"", ""participant_id"": 7, ""participant_group"": ""B"", ""target"": ""rock"", ""active_channel"": ""red"", ""active_index"": 0, ""starting_values"": [168, 122, 122.5], ""submitted_channel_response"": 159, ""response_distance_from_start"": 9}",True,"[168, 122, 122.5]"
,"{""profile_metadata"": {""bot_profile"": ""random"", ""participant_id"": 7, ""participant_group"": ""B"", ""target"": ""banana"", ""active_channel"": ""blue"", ""active_index"": 2, ""starting_values"": [25, 75.5, 166], ""submitted_channel_response"": 0, ""response_distance_from_start"": 166}, ""async_post_trial_completed"": true}",47,2026-06-15 09:30:29,False,,,CustomTrial,10,8,,True,10,7,13,gibbs_demo,"{""vector"": [25, 75.5, 166], ""initial_index"": 1, ""active_index"": 2, ""reverse_scale"": true}",True,True,,0.0,,0,False,84,0.0,3.0,5.0,25.0,30.0,5.0,0.41666666666666663,0.49999999999999994,True,True,True,False,0,default,CustomTrial,Info,"[25, 75.5, 166]",1,2,True,"[25, 75.5, 0]","{""bot_profile"": ""random"", ""participant_id"": 7, ""participant_group"": ""B"", ""target"": ""banana"", ""active_channel"": ""blue"", ""active_index"": 2, ""starting_values"": [25, 75.5, 166], ""submitted_channel_response"": 0, ""response_distance_from_start"": 166}",True,"[25, 75.5, 166]"
,"{""profile_metadata"": {""bot_profile"": ""random"", ""participant_id"": 7, ""participant_group"": ""B"", ""target"": ""tree"", ""active_channel"": ""red"", ""active_index"": 0, ""starting_values"": [73, 76, 188], ""submitted_channel_response"": 233, ""response_distance_from_start"": 160}, ""async_post_trial_completed"": true}",48,2026-06-15 09:30:29,False,,,CustomTrial,9,2,,True,9,7,13,gibbs_demo,"{""vector"": [73, 76, 188], ""initial_index"": 2, ""active_index"": 0, ""reverse_scale"": true}",True,True,,0.0,,233,False,85,1.0,3.0,5.0,30.0,35.0,5.0,0.49999999999999994,0.5833333333333333,True,True,True,False,0,default,CustomTrial,Info,"[73, 76, 188]",2,0,True,"[233, 76, 188]","{""bot_profile"": ""random"", ""participant_id"": 7, ""participant_group"": ""B"", ""target"": ""tree"", ""active_channel"": ""red"", ""active_index"": 0, ""starting_values"": [73, 76, 188], ""submitted_channel_response"": 233, ""response_distance_from_start"": 160}",True,"[73, 76, 188]"
,"{""profile_metadata"": {""bot_profile"": ""random"", ""participant_id"": 7, ""participant_group"": ""B"", ""target"": ""carrot"", ""active_channel"": ""red"", ""active_index"": 0, ""starting_values"": [213, 143, 208], ""submitted_channel_response"": 65, ""response_distance_from_start"": 148}, ""async_post_trial_completed"": true}",49,2026-06-15 09:30:29,False,,,CustomTrial,11,6,,True,11,7,13,gibbs_demo,"{""vector"": [213, 143, 208], ""initial_index"": 2, ""active_index"": 0, ""reverse_scale"": false}",True,True,,0.0,,65,False,86,2.0,3.0,5.0,35.0,40.0,5.0,0.5833333333333333,0.6666666666666666,True,True,True,False,0,default,CustomTrial,Info,"[213, 143, 208]",2,0,False,"[65, 143, 208]","{""bot_profile"": ""random"", ""participant_id"": 7, ""participant_group"": ""B"", ""target"": ""carrot"", ""active_channel"": ""red"", ""active_index"": 0, ""starting_values"": [213, 143, 208], ""submitted_channel_response"": 65, ""response_distance_from_start"": 148}",True,"[213, 143, 208]"
{},"{""profile_metadata"": {""bot_profile"": ""random"", ""participant_id"": 8, ""participant_group"": ""A"", ""target"": ""carrot"", ""active_channel"": ""blue"", ""active_index"": 2, ""starting_values"": [135, 196.5, 33], ""submitted_channel_response"": 194, ""response_distance_from_start"": 161}, ""async_post_trial_completed"": true}",50,2026-06-15 09:30:30,False,,,CustomTrial,13,5,,True,13,8,15,gibbs_demo,"{""vector"": [135, 196.5, 33], ""initial_index"": 1, ""active_index"": 2, ""reverse_scale"": true}",True,False,,0.0,54.0,194,False,93,,,5.0,5.0,10.0,5.0,0.08333333333333333,0.16666666666666666,True,True,True,False,0,default,CustomTrial,Info,"[135, 196.5, 33]",1,2,True,"[135, 196.5, 194]","{""bot_profile"": ""random"", ""participant_id"": 8, ""participant_group"": ""A"", ""target"": ""carrot"", ""active_channel"": ""blue"", ""active_index"": 2, ""starting_values"": [135, 196.5, 33], ""submitted_channel_response"": 194, ""response_distance_from_start"": 161}",True,"[135, 196.5, 33]"
{},"{""profile_metadata"": {""bot_profile"": ""random"", ""participant_id"": 8, ""participant_group"": ""A"", ""target"": ""rock"", ""active_channel"": ""blue"", ""active_index"": 2, ""starting_values"": [125, 207, 29], ""submitted_channel_response"": 89, ""response_distance_from_start"": 60}, ""async_post_trial_completed"": true}",51,2026-06-15 09:30:30,False,,,CustomTrial,15,3,,True,15,8,15,gibbs_demo,"{""vector"": [125, 207, 29], ""initial_index"": 1, ""active_index"": 2, ""reverse_scale"": true}",True,False,,0.0,56.0,89,False,94,,,5.0,10.0,15.0,5.0,0.16666666666666666,0.25,True,True,True,False,0,default,CustomTrial,Info,"[125, 207, 29]",1,2,True,"[125, 207, 89]","{""bot_profile"": ""random"", ""participant_id"": 8, ""participant_group"": ""A"", ""target"": ""rock"", ""active_channel"": ""blue"", ""active_index"": 2, ""starting_values"": [125, 207, 29], ""submitted_channel_response"": 89, ""response_distance_from_start"": 60}",True,"[125, 207, 29]"
{},"{""profile_metadata"": {""bot_profile"": ""random"", ""participant_id"": 8, ""participant_group"": ""A"", ""target"": ""tree"", ""active_channel"": ""blue"", ""active_index"": 2, ""starting_values"": [148, 124, 86], ""submitted_channel_response"": 46, ""response_distance_from_start"": 40}, ""async_post_trial_completed"": true}",52,2026-06-15 09:30:30,False,,,CustomTrial,14,1,,True,14,8,15,gibbs_demo,"{""vector"": [148, 124, 86], ""initial_index"": 1, ""active_index"": 2, ""reverse_scale"": true}",True,False,,0.0,55.0,46,False,95,,,5.0,15.0,20.0,5.0,0.25,0.3333333333333333,True,True,True,False,0,default,CustomTrial,Info,"[148, 124, 86]",1,2,True,"[148, 124, 46]","{""bot_profile"": ""random"", ""participant_id"": 8, ""participant_group"": ""A"", ""target"": ""tree"", ""active_channel"": ""blue"", ""active_index"": 2, ""starting_values"": [148, 124, 86], ""submitted_channel_response"": 46, ""response_distance_from_start"": 40}",True,"[148, 124, 86]"
{},"{""profile_metadata"": {""bot_profile"": ""random"", ""participant_id"": 8, ""participant_group"": ""A"", ""target"": ""banana"", ""active_channel"": ""blue"", ""active_index"": 2, ""starting_values"": [205, 74.5, 130], ""submitted_channel_response"": 26, ""response_distance_from_start"": 104}, ""async_post_trial_completed"": true}",53,2026-06-15 09:30:31,False,,,CustomTrial,16,7,,True,16,8,15,gibbs_demo,"{""vector"": [205, 74.5, 130], ""initial_index"": 1, ""active_index"": 2, ""reverse_scale"": false}",True,False,,0.0,,26,False,96,,,5.0,20.0,25.0,5.0,0.3333333333333333,0.41666666666666663,True,True,True,False,0,default,CustomTrial,Info,"[205, 74.5, 130]",1,2,False,"[205, 74.5, 26]","{""bot_profile"": ""random"", ""participant_id"": 8, ""participant_group"": ""A"", ""target"": ""banana"", ""active_channel"": ""blue"", ""active_index"": 2, ""starting_values"": [205, 74.5, 130], ""submitted_channel_response"": 26, ""response_distance_from_start"": 104}",True,"[205, 74.5, 130]"
,"{""profile_metadata"": {""bot_profile"": ""random"", ""participant_id"": 8, ""participant_group"": ""A"", ""target"": ""carrot"", ""active_channel"": ""blue"", ""active_index"": 2, ""starting_values"": [135, 196.5, 33], ""submitted_channel_response"": 7, ""response_distance_from_start"": 26}, ""async_post_trial_completed"": true}",54,2026-06-15 09:30:31,False,,,CustomTrial,13,5,,True,13,8,15,gibbs_demo,"{""vector"": [135, 196.5, 33], ""initial_index"": 1, ""active_index"": 2, ""reverse_scale"": true}",True,True,,0.0,,7,False,97,0.0,3.0,5.0,25.0,30.0,5.0,0.41666666666666663,0.49999999999999994,True,True,True,False,0,default,CustomTrial,Info,"[135, 196.5, 33]",1,2,True,"[135, 196.5, 7]","{""bot_profile"": ""random"", ""participant_id"": 8, ""participant_group"": ""A"", ""target"": ""carrot"", ""active_channel"": ""blue"", ""active_index"": 2, ""starting_values"": [135, 196.5, 33], ""submitted_channel_response"": 7, ""response_distance_from_start"": 26}",True,"[135, 196.5, 33]"
,"{""profile_metadata"": {""bot_profile"": ""random"", ""participant_id"": 8, ""participant_group"": ""A"", ""target"": ""tree"", ""active_channel"": ""blue"", ""active_index"": 2, ""starting_values"": [148, 124, 86], ""submitted_channel_response"": 143, ""response_distance_from_start"": 57}, ""async_post_trial_completed"": true}",55,2026-06-15 09:30:31,False,,,CustomTrial,14,1,,True,14,8,15,gibbs_demo,"{""vector"": [148, 124, 86], ""initial_index"": 1, ""active_index"": 2, ""reverse_scale"": true}",True,True,,0.0,,143,False,98,1.0,3.0,5.0,30.0,35.0,5.0,0.49999999999999994,0.5833333333333333,True,True,True,False,0,default,CustomTrial,Info,"[148, 124, 86]",1,2,True,"[148, 124, 143]","{""bot_profile"": ""random"", ""participant_id"": 8, ""participant_group"": ""A"", ""target"": ""tree"", ""active_channel"": ""blue"", ""active_index"": 2, ""starting_values"": [148, 124, 86], ""submitted_channel_response"": 143, ""response_distance_from_start"": 57}",True,"[148, 124, 86]"
,"{""profile_metadata"": {""bot_profile"": ""random"", ""participant_id"": 8, ""participant_group"": ""A"", ""target"": ""rock"", ""active_channel"": ""blue"", ""active_index"": 2, ""starting_values"": [125, 207, 29], ""submitted_channel_response"": 237, ""response_distance_from_start"": 208}, ""async_post_trial_completed"": true}",56,2026-06-15 09:30:31,False,,,CustomTrial,15,3,,True,15,8,15,gibbs_demo,"{""vector"": [125, 207, 29], ""initial_index"": 1, ""active_index"": 2, ""reverse_scale"": true}",True,True,,0.0,,237,False,99,2.0,3.0,5.0,35.0,40.0,5.0,0.5833333333333333,0.6666666666666666,True,True,True,False,0,default,CustomTrial,Info,"[125, 207, 29]",1,2,True,"[125, 207, 237]","{""bot_profile"": ""random"", ""participant_id"": 8, ""participant_group"": ""A"", ""target"": ""rock"", ""active_channel"": ""blue"", ""active_index"": 2, ""starting_values"": [125, 207, 29], ""submitted_channel_response"": 237, ""response_distance_from_start"": 208}",True,"[125, 207, 29]"
{},"{""profile_metadata"": {""bot_profile"": ""normal_rgb"", ""participant_id"": 9, ""participant_group"": ""B"", ""target"": ""rock"", ""active_channel"": ""green"", ""active_index"": 1, ""starting_values"": [122, 127, 122.5], ""submitted_channel_response"": 136, ""response_distance_from_start"": 9}, ""async_post_trial_completed"": true}",57,2026-06-15 09:30:32,False,,,CustomTrial,17,4,,True,17,9,17,gibbs_demo,"{""vector"": [122, 127, 122.5], ""initial_index"": 2, ""active_index"": 1, ""reverse_scale"": false}",True,False,,0.0,,136,False,106,,,5.0,5.0,10.0,5.0,0.08333333333333333,0.16666666666666666,True,True,True,False,0,default,CustomTrial,Info,"[122, 127, 122.5]",2,1,False,"[122, 136, 122.5]","{""bot_profile"": ""normal_rgb"", ""participant_id"": 9, ""participant_group"": ""B"", ""target"": ""rock"", ""active_channel"": ""green"", ""active_index"": 1, ""starting_values"": [122, 127, 122.5], ""submitted_channel_response"": 136, ""response_distance_from_start"": 9}",True,"[122, 127, 122.5]"
{},"{""profile_metadata"": {""bot_profile"": ""normal_rgb"", ""participant_id"": 9, ""participant_group"": ""B"", ""target"": ""carrot"", ""active_channel"": ""green"", ""active_index"": 1, ""starting_values"": [126, 155, 208], ""submitted_channel_response"": 182, ""response_distance_from_start"": 27}, ""async_post_trial_completed"": true}",58,2026-06-15 09:30:32,False,,,CustomTrial,20,6,,True,20,9,17,gibbs_demo,"{""vector"": [126, 155, 208], ""initial_index"": 2, ""active_index"": 1, ""reverse_scale"": false}",True,False,,0.0,62.0,182,False,107,,,5.0,10.0,15.0,5.0,0.16666666666666666,0.25,True,True,True,False,0,default,CustomTrial,Info,"[126, 155, 208]",2,1,False,"[126, 182, 208]","{""bot_profile"": ""normal_rgb"", ""participant_id"": 9, ""participant_group"": ""B"", ""target"": ""carrot"", ""active_channel"": ""green"", ""active_index"": 1, ""starting_values"": [126, 155, 208], ""submitted_channel_response"": 182, ""response_distance_from_start"": 27}",True,"[126, 155, 208]"
{},"{""profile_metadata"": {""bot_profile"": ""normal_rgb"", ""participant_id"": 9, ""participant_group"": ""B"", ""target"": ""banana"", ""active_channel"": ""red"", ""active_index"": 0, ""starting_values"": [253, 75.5, 92.5], ""submitted_channel_response"": 249, ""response_distance_from_start"": 4}, ""async_post_trial_completed"": true}",59,2026-06-15 09:30:32,False,,,CustomTrial,18,8,,True,18,9,17,gibbs_demo,"{""vector"": [253, 75.5, 92.5], ""initial_index"": 1, ""active_index"": 0, ""reverse_scale"": true}",True,False,,0.0,63.0,249,False,108,,,5.0,15.0,20.0,5.0,0.25,0.3333333333333333,True,True,True,False,0,default,CustomTrial,Info,"[253, 75.5, 92.5]",1,0,True,"[249, 75.5, 92.5]","{""bot_profile"": ""normal_rgb"", ""participant_id"": 9, ""participant_group"": ""B"", ""target"": ""banana"", ""active_channel"": ""red"", ""active_index"": 0, ""starting_values"": [253, 75.5, 92.5], ""submitted_channel_response"": 249, ""response_distance_from_start"": 4}",True,"[253, 75.5, 92.5]"
{},"{""profile_metadata"": {""bot_profile"": ""normal_rgb"", ""participant_id"": 9, ""participant_group"": ""B"", ""target"": ""tree"", ""active_channel"": ""green"", ""active_index"": 1, ""starting_values"": [105.5, 207, 188], ""submitted_channel_response"": 246, ""response_distance_from_start"": 39}, ""async_post_trial_completed"": true}",60,2026-06-15 09:30:33,False,,,CustomTrial,19,2,,True,19,9,17,gibbs_demo,"{""vector"": [105.5, 207, 188], ""initial_index"": 2, ""active_index"": 1, ""reverse_scale"": true}",True,False,,0.0,61.0,246,False,109,,,5.0,20.0,25.0,5.0,0.3333333333333333,0.41666666666666663,True,True,True,False,0,default,CustomTrial,Info,"[105.5, 207, 188]",2,1,True,"[105.5, 246, 188]","{""bot_profile"": ""normal_rgb"", ""participant_id"": 9, ""participant_group"": ""B"", ""target"": ""tree"", ""active_channel"": ""green"", ""active_index"": 1, ""starting_values"": [105.5, 207, 188], ""submitted_channel_response"": 246, ""response_distance_from_start"": 39}",True,"[105.5, 207, 188]"
,"{""profile_metadata"": {""bot_profile"": ""normal_rgb"", ""participant_id"": 9, ""participant_group"": ""B"", ""target"": ""tree"", ""active_channel"": ""green"", ""active_index"": 1, ""starting_values"": [105.5, 207, 188], ""submitted_channel_response"": 179, ""response_distance_from_start"": 28}, ""async_post_trial_completed"": true}",61,2026-06-15 09:30:33,False,,,CustomTrial,19,2,,True,19,9,17,gibbs_demo,"{""vector"": [105.5, 207, 188], ""initial_index"": 2, ""active_index"": 1, ""reverse_scale"": true}",True,True,,0.0,,179,False,110,0.0,3.0,5.0,25.0,30.0,5.0,0.41666666666666663,0.49999999999999994,True,True,True,False,0,default,CustomTrial,Info,"[105.5, 207, 188]",2,1,True,"[105.5, 179, 188]","{""bot_profile"": ""normal_rgb"", ""participant_id"": 9, ""participant_group"": ""B"", ""target"": ""tree"", ""active_channel"": ""green"", ""active_index"": 1, ""starting_values"": [105.5, 207, 188], ""submitted_channel_response"": 179, ""response_distance_from_start"": 28}",True,"[105.5, 207, 188]"
,"{""profile_metadata"": {""bot_profile"": ""normal_rgb"", ""participant_id"": 9, ""participant_group"": ""B"", ""target"": ""carrot"", ""active_channel"": ""green"", ""active_index"": 1, ""starting_values"": [126, 155, 208], ""submitted_channel_response"": 169, ""response_distance_from_start"": 14}, ""async_post_trial_completed"": true}",62,2026-06-15 09:30:33,False,,,CustomTrial,20,6,,True,20,9,17,gibbs_demo,"{""vector"": [126, 155, 208], ""initial_index"": 2, ""active_index"": 1, ""reverse_scale"": false}",True,True,,0.0,,169,False,111,1.0,3.0,5.0,30.0,35.0,5.0,0.49999999999999994,0.5833333333333333,True,True,True,False,0,default,CustomTrial,Info,"[126, 155, 208]",2,1,False,"[126, 169, 208]","{""bot_profile"": ""normal_rgb"", ""participant_id"": 9, ""participant_group"": ""B"", ""target"": ""carrot"", ""active_channel"": ""green"", ""active_index"": 1, ""starting_values"": [126, 155, 208], ""submitted_channel_response"": 169, ""response_distance_from_start"": 14}",True,"[126, 155, 208]"
,"{""profile_metadata"": {""bot_profile"": ""normal_rgb"", ""participant_id"": 9, ""participant_group"": ""B"", ""target"": ""banana"", ""active_channel"": ""red"", ""active_index"": 0, ""starting_values"": [253, 75.5, 92.5], ""submitted_channel_response"": 255, ""response_distance_from_start"": 2}, ""async_post_trial_completed"": true}",63,2026-06-15 09:30:33,False,,,CustomTrial,18,8,,True,18,9,17,gibbs_demo,"{""vector"": [253, 75.5, 92.5], ""initial_index"": 1, ""active_index"": 0, ""reverse_scale"": true}",True,True,,0.0,,255,False,112,2.0,3.0,5.0,35.0,40.0,5.0,0.5833333333333333,0.6666666666666666,True,True,True,False,0,default,CustomTrial,Info,"[253, 75.5, 92.5]",1,0,True,"[255, 75.5, 92.5]","{""bot_profile"": ""normal_rgb"", ""participant_id"": 9, ""participant_group"": ""B"", ""target"": ""banana"", ""active_channel"": ""red"", ""active_index"": 0, ""starting_values"": [253, 75.5, 92.5], ""submitted_channel_response"": 255, ""response_distance_from_start"": 2}",True,"[253, 75.5, 92.5]"
{},"{""profile_metadata"": {""bot_profile"": ""normal_rgb"", ""participant_id"": 10, ""participant_group"": ""A"", ""target"": ""banana"", ""active_channel"": ""red"", ""active_index"": 0, ""starting_values"": [2, 74.5, 78], ""submitted_channel_response"": 0, ""response_distance_from_start"": 2}, ""async_post_trial_completed"": true}",64,2026-06-15 09:30:34,False,,,CustomTrial,21,7,,True,21,10,19,gibbs_demo,"{""vector"": [2, 74.5, 78], ""initial_index"": 1, ""active_index"": 0, ""reverse_scale"": false}",True,False,,0.0,69.0,0,False,119,,,5.0,5.0,10.0,5.0,0.08333333333333333,0.16666666666666666,True,True,True,False,0,default,CustomTrial,Info,"[2, 74.5, 78]",1,0,False,"[0, 74.5, 78]","{""bot_profile"": ""normal_rgb"", ""participant_id"": 10, ""participant_group"": ""A"", ""target"": ""banana"", ""active_channel"": ""red"", ""active_index"": 0, ""starting_values"": [2, 74.5, 78], ""submitted_channel_response"": 0, ""response_distance_from_start"": 2}",True,"[2, 74.5, 78]"
{},"{""profile_metadata"": {""bot_profile"": ""normal_rgb"", ""participant_id"": 10, ""participant_group"": ""A"", ""target"": ""rock"", ""active_channel"": ""red"", ""active_index"": 0, ""starting_values"": [106, 207, 107], ""submitted_channel_response"": 94, ""response_distance_from_start"": 12}, ""async_post_trial_completed"": true}",65,2026-06-15 09:30:34,False,,,CustomTrial,24,3,,True,24,10,19,gibbs_demo,"{""vector"": [106, 207, 107], ""initial_index"": 1, ""active_index"": 0, ""reverse_scale"": false}",True,False,,0.0,68.0,94,False,120,,,5.0,10.0,15.0,5.0,0.16666666666666666,0.25,True,True,True,False,0,default,CustomTrial,Info,"[106, 207, 107]",1,0,False,"[94, 207, 107]","{""bot_profile"": ""normal_rgb"", ""participant_id"": 10, ""participant_group"": ""A"", ""target"": ""rock"", ""active_channel"": ""red"", ""active_index"": 0, ""starting_values"": [106, 207, 107], ""submitted_channel_response"": 94, ""response_distance_from_start"": 12}",True,"[106, 207, 107]"
{},"{""profile_metadata"": {""bot_profile"": ""normal_rgb"", ""participant_id"": 10, ""participant_group"": ""A"", ""target"": ""tree"", ""active_channel"": ""red"", ""active_index"": 0, ""starting_values"": [154, 124, 85], ""submitted_channel_response"": 230, ""response_distance_from_start"": 76}, ""async_post_trial_completed"": true}",66,2026-06-15 09:30:35,False,,,CustomTrial,23,1,,True,23,10,19,gibbs_demo,"{""vector"": [154, 124, 85], ""initial_index"": 1, ""active_index"": 0, ""reverse_scale"": true}",True,False,,0.0,,230,False,121,,,5.0,15.0,20.0,5.0,0.25,0.3333333333333333,True,True,True,False,0,default,CustomTrial,Info,"[154, 124, 85]",1,0,True,"[230, 124, 85]","{""bot_profile"": ""normal_rgb"", ""participant_id"": 10, ""participant_group"": ""A"", ""target"": ""tree"", ""active_channel"": ""red"", ""active_index"": 0, ""starting_values"": [154, 124, 85], ""submitted_channel_response"": 230, ""response_distance_from_start"": 76}",True,"[154, 124, 85]"
{},"{""profile_metadata"": {""bot_profile"": ""normal_rgb"", ""participant_id"": 10, ""participant_group"": ""A"", ""target"": ""carrot"", ""active_channel"": ""red"", ""active_index"": 0, ""starting_values"": [89, 196.5, 181], ""submitted_channel_response"": 102, ""response_distance_from_start"": 13}, ""async_post_trial_completed"": true}",67,2026-06-15 09:30:35,False,,,CustomTrial,22,5,,True,22,10,19,gibbs_demo,"{""vector"": [89, 196.5, 181], ""initial_index"": 1, ""active_index"": 0, ""reverse_scale"": true}",True,False,,0.0,70.0,102,False,122,,,5.0,20.0,25.0,5.0,0.3333333333333333,0.41666666666666663,True,True,True,False,0,default,CustomTrial,Info,"[89, 196.5, 181]",1,0,True,"[102, 196.5, 181]","{""bot_profile"": ""normal_rgb"", ""participant_id"": 10, ""participant_group"": ""A"", ""target"": ""carrot"", ""active_channel"": ""red"", ""active_index"": 0, ""starting_values"": [89, 196.5, 181], ""submitted_channel_response"": 102, ""response_distance_from_start"": 13}",True,"[89, 196.5, 181]"
,"{""profile_metadata"": {""bot_profile"": ""normal_rgb"", ""participant_id"": 10, ""participant_group"": ""A"", ""target"": ""rock"", ""active_channel"": ""red"", ""active_index"": 0, ""starting_values"": [106, 207, 107], ""submitted_channel_response"": 133, ""response_distance_from_start"": 27}, ""async_post_trial_completed"": true}",68,2026-06-15 09:30:35,False,,,CustomTrial,24,3,,True,24,10,19,gibbs_demo,"{""vector"": [106, 207, 107], ""initial_index"": 1, ""active_index"": 0, ""reverse_scale"": false}",True,True,,0.0,,133,False,123,0.0,3.0,5.0,25.0,30.0,5.0,0.41666666666666663,0.49999999999999994,True,True,True,False,0,default,CustomTrial,Info,"[106, 207, 107]",1,0,False,"[133, 207, 107]","{""bot_profile"": ""normal_rgb"", ""participant_id"": 10, ""participant_group"": ""A"", ""target"": ""rock"", ""active_channel"": ""red"", ""active_index"": 0, ""starting_values"": [106, 207, 107], ""submitted_channel_response"": 133, ""response_distance_from_start"": 27}",True,"[106, 207, 107]"
,"{""profile_metadata"": {""bot_profile"": ""normal_rgb"", ""participant_id"": 10, ""participant_group"": ""A"", ""target"": ""banana"", ""active_channel"": ""red"", ""active_index"": 0, ""starting_values"": [2, 74.5, 78], ""submitted_channel_response"": 0, ""response_distance_from_start"": 2}, ""async_post_trial_completed"": true}",69,2026-06-15 09:30:35,False,,,CustomTrial,21,7,,True,21,10,19,gibbs_demo,"{""vector"": [2, 74.5, 78], ""initial_index"": 1, ""active_index"": 0, ""reverse_scale"": false}",True,True,,0.0,,0,False,124,1.0,3.0,5.0,30.0,35.0,5.0,0.49999999999999994,0.5833333333333333,True,True,True,False,0,default,CustomTrial,Info,"[2, 74.5, 78]",1,0,False,"[0, 74.5, 78]","{""bot_profile"": ""normal_rgb"", ""participant_id"": 10, ""participant_group"": ""A"", ""target"": ""banana"", ""active_channel"": ""red"", ""active_index"": 0, ""starting_values"": [2, 74.5, 78], ""submitted_channel_response"": 0, ""response_distance_from_start"": 2}",True,"[2, 74.5, 78]"
,"{""profile_metadata"": {""bot_profile"": ""normal_rgb"", ""participant_id"": 10, ""participant_group"": ""A"", ""target"": ""carrot"", ""active_channel"": ""red"", ""active_index"": 0, ""starting_values"": [89, 196.5, 181], ""submitted_channel_response"": 116, ""response_distance_from_start"": 27}, ""async_post_trial_completed"": true}",70,2026-06-15 09:30:35,False,,,CustomTrial,22,5,,True,22,10,19,gibbs_demo,"{""vector"": [89, 196.5, 181], ""initial_index"": 1, ""active_index"": 0, ""reverse_scale"": true}",True,True,,0.0,,116,False,125,2.0,3.0,5.0,35.0,40.0,5.0,0.5833333333333333,0.6666666666666666,True,True,True,False,0,default,CustomTrial,Info,"[89, 196.5, 181]",1,0,True,"[116, 196.5, 181]","{""bot_profile"": ""normal_rgb"", ""participant_id"": 10, ""participant_group"": ""A"", ""target"": ""carrot"", ""active_channel"": ""red"", ""active_index"": 0, ""starting_values"": [89, 196.5, 181], ""submitted_channel_response"": 116, ""response_distance_from_start"": 27}",True,"[89, 196.5, 181]"
