ability,acquisition_value,correct,hmc_acceptance_rate,hmc_r_i_mean,hmc_r_i_sd,participant_index,policy,posterior_log_r_i_mean_after,posterior_log_r_i_mean_before,posterior_log_r_i_sd_after,posterior_log_r_i_sd_before,posterior_r_i_mean_after,posterior_r_i_mean_before,predictive_correct_at_true_r_i,r_i_abs_error_hmc,r_i_abs_error_vi,selected_length,top_candidate,trial_index,true_r_i
low,0.049603,0,,,,0,adaptive,,0.0,,0.75,,1.324785,0.028115659748972035,,,10,"{'length': 10, 'predictive_correct': 0.296309, 'acquisition_value': 0.049603}",0,0.35
low,0.093688,0,,,,0,adaptive,,-0.794458,,1.244779,,0.980472,0.01967175499653908,,,11,"{'length': 11, 'predictive_correct': 0.096359, 'acquisition_value': 0.093688}",1,0.35
low,0.090939,0,,,,0,adaptive,,-0.941871,,1.218263,,0.818904,0.04018402645107363,,,9,"{'length': 9, 'predictive_correct': 0.103417, 'acquisition_value': 0.090939}",2,0.35
low,0.08827,0,,,,0,adaptive,,-1.085299,,1.193097,,0.68828,0.05743261926761734,,,8,"{'length': 8, 'predictive_correct': 0.098203, 'acquisition_value': 0.08827}",3,0.35
low,0.085623,0,,,,0,adaptive,,-1.212035,,1.167022,,0.587979,0.11731916609425078,,,6,"{'length': 6, 'predictive_correct': 0.125037, 'acquisition_value': 0.085623}",4,0.35
low,0.083973,0,,,,0,adaptive,,-1.365026,,1.150658,,0.495088,0.16767724875179707,,,5,"{'length': 5, 'predictive_correct': 0.130064, 'acquisition_value': 0.083973}",5,0.35
low,0.082684,1,,,,0,adaptive,,-1.520326,,1.138398,,0.417968,0.2396510364417758,,,4,"{'length': 4, 'predictive_correct': 0.14358, 'acquisition_value': 0.082684}",6,0.35
low,0.050619,1,,,,0,adaptive,,-0.829135,,0.761894,,0.583393,0.2396510364417758,,,4,"{'length': 4, 'predictive_correct': 0.325207, 'acquisition_value': 0.050619}",7,0.35
low,0.043475,0,,,,0,adaptive,,-0.581565,,0.684743,,0.706715,0.11731916609425078,,,6,"{'length': 6, 'predictive_correct': 0.271677, 'acquisition_value': 0.043475}",8,0.35
low,0.04104,0,1.0,0.515378,0.154405,0,adaptive,-0.757653,-0.670383,0.636773,0.659669,0.574122,0.635845,0.16767724875179707,0.16537800000000002,0.22412200000000004,5,"{'length': 5, 'predictive_correct': 0.301739, 'acquisition_value': 0.04104}",9,0.35
low,0.049603,0,,,,1,adaptive,,0.0,,0.75,,1.324785,0.028115659748972035,,,10,"{'length': 10, 'predictive_correct': 0.296309, 'acquisition_value': 0.049603}",0,0.35
low,0.093688,0,,,,1,adaptive,,-0.794458,,1.244779,,0.980472,0.01967175499653908,,,11,"{'length': 11, 'predictive_correct': 0.096359, 'acquisition_value': 0.093688}",1,0.35
low,0.090939,0,,,,1,adaptive,,-0.941871,,1.218263,,0.818904,0.04018402645107363,,,9,"{'length': 9, 'predictive_correct': 0.103417, 'acquisition_value': 0.090939}",2,0.35
low,0.08827,0,,,,1,adaptive,,-1.085299,,1.193097,,0.68828,0.05743261926761734,,,8,"{'length': 8, 'predictive_correct': 0.098203, 'acquisition_value': 0.08827}",3,0.35
low,0.085623,0,,,,1,adaptive,,-1.212035,,1.167022,,0.587979,0.11731916609425078,,,6,"{'length': 6, 'predictive_correct': 0.125037, 'acquisition_value': 0.085623}",4,0.35
low,0.083973,0,,,,1,adaptive,,-1.365026,,1.150658,,0.495088,0.16767724875179707,,,5,"{'length': 5, 'predictive_correct': 0.130064, 'acquisition_value': 0.083973}",5,0.35
low,0.082684,0,,,,1,adaptive,,-1.520326,,1.138398,,0.417968,0.2396510364417758,,,4,"{'length': 4, 'predictive_correct': 0.14358, 'acquisition_value': 0.082684}",6,0.35
low,0.082236,0,,,,1,adaptive,,-1.688755,,1.133417,,0.351187,0.2396510364417758,,,4,"{'length': 4, 'predictive_correct': 0.110369, 'acquisition_value': 0.082236}",7,0.35
low,0.081042,1,,,,1,adaptive,,-1.819871,,1.120969,,0.303739,0.34251885509304564,,,3,"{'length': 3, 'predictive_correct': 0.1403, 'acquisition_value': 0.081042}",8,0.35
low,0.049022,1,1.0,0.517972,0.247376,1,adaptive,-0.907722,-1.143878,0.665727,0.744402,0.503523,0.42029,0.34251885509304564,0.167972,0.15352300000000008,3,"{'length': 3, 'predictive_correct': 0.315904, 'acquisition_value': 0.049022}",9,0.35
low,0.049603,0,,,,2,adaptive,,0.0,,0.75,,1.324785,0.028115659748972035,,,10,"{'length': 10, 'predictive_correct': 0.296309, 'acquisition_value': 0.049603}",0,0.35
low,0.093688,0,,,,2,adaptive,,-0.794458,,1.244779,,0.980472,0.01967175499653908,,,11,"{'length': 11, 'predictive_correct': 0.096359, 'acquisition_value': 0.093688}",1,0.35
low,0.090939,1,,,,2,adaptive,,-0.941871,,1.218263,,0.818904,0.04018402645107363,,,9,"{'length': 9, 'predictive_correct': 0.103417, 'acquisition_value': 0.090939}",2,0.35
low,0.054207,0,,,,2,adaptive,,-0.003525,,0.799949,,1.372227,0.028115659748972035,,,10,"{'length': 10, 'predictive_correct': 0.296408, 'acquisition_value': 0.054207}",3,0.35
low,0.050911,0,,,,2,adaptive,,-0.145406,,0.764342,,1.15801,0.04018402645107363,,,9,"{'length': 9, 'predictive_correct': 0.283718, 'acquisition_value': 0.050911}",4,0.35
low,0.0479,0,,,,2,adaptive,,-0.266832,,0.731867,,1.000983,0.05743261926761734,,,8,"{'length': 8, 'predictive_correct': 0.281677, 'acquisition_value': 0.0479}",5,0.35
low,0.045149,0,,,,2,adaptive,,-0.374627,,0.702462,,0.879941,0.0820849986238988,,,7,"{'length': 7, 'predictive_correct': 0.289286, 'acquisition_value': 0.045149}",6,0.35
low,0.042584,0,,,,2,adaptive,,-0.473565,,0.675832,,0.782555,0.0820849986238988,,,7,"{'length': 7, 'predictive_correct': 0.25664, 'acquisition_value': 0.042584}",7,0.35
low,0.040394,0,,,,2,adaptive,,-0.557077,,0.651976,,0.708546,0.11731916609425078,,,6,"{'length': 6, 'predictive_correct': 0.278776, 'acquisition_value': 0.040394}",8,0.35
low,0.038318,0,1.0,0.506855,0.237242,2,adaptive,-0.708568,-0.638156,0.610696,0.630302,0.593277,0.644348,0.11731916609425078,0.15685500000000008,0.24327700000000008,6,"{'length': 6, 'predictive_correct': 0.251976, 'acquisition_value': 0.038318}",9,0.35
low,0.049603,0,,,,3,adaptive,,0.0,,0.75,,1.324785,0.028115659748972035,,,10,"{'length': 10, 'predictive_correct': 0.296309, 'acquisition_value': 0.049603}",0,0.35
low,0.093688,0,,,,3,adaptive,,-0.794458,,1.244779,,0.980472,0.01967175499653908,,,11,"{'length': 11, 'predictive_correct': 0.096359, 'acquisition_value': 0.093688}",1,0.35
low,0.090939,0,,,,3,adaptive,,-0.941871,,1.218263,,0.818904,0.04018402645107363,,,9,"{'length': 9, 'predictive_correct': 0.103417, 'acquisition_value': 0.090939}",2,0.35
low,0.08827,0,,,,3,adaptive,,-1.085299,,1.193097,,0.68828,0.05743261926761734,,,8,"{'length': 8, 'predictive_correct': 0.098203, 'acquisition_value': 0.08827}",3,0.35
low,0.085623,0,,,,3,adaptive,,-1.212035,,1.167022,,0.587979,0.11731916609425078,,,6,"{'length': 6, 'predictive_correct': 0.125037, 'acquisition_value': 0.085623}",4,0.35
low,0.083973,0,,,,3,adaptive,,-1.365026,,1.150658,,0.495088,0.16767724875179707,,,5,"{'length': 5, 'predictive_correct': 0.130064, 'acquisition_value': 0.083973}",5,0.35
low,0.082684,0,,,,3,adaptive,,-1.520326,,1.138398,,0.417968,0.2396510364417758,,,4,"{'length': 4, 'predictive_correct': 0.14358, 'acquisition_value': 0.082684}",6,0.35
low,0.082236,1,,,,3,adaptive,,-1.688755,,1.133417,,0.351187,0.2396510364417758,,,4,"{'length': 4, 'predictive_correct': 0.110369, 'acquisition_value': 0.082236}",7,0.35
low,0.048221,0,,,,3,adaptive,,-0.949192,,0.73524,,0.507173,0.2396510364417758,,,4,"{'length': 4, 'predictive_correct': 0.285253, 'acquisition_value': 0.048221}",8,0.35
low,0.045769,0,1.0,0.307822,0.104967,3,adaptive,-1.138575,-1.05118,0.687653,0.710563,0.4057,0.4499,0.2396510364417758,0.04217799999999999,0.05570000000000003,4,"{'length': 4, 'predictive_correct': 0.252012, 'acquisition_value': 0.045769}",9,0.35
low,0.049603,0,,,,4,adaptive,,0.0,,0.75,,1.324785,0.028115659748972035,,,10,"{'length': 10, 'predictive_correct': 0.296309, 'acquisition_value': 0.049603}",0,0.35
low,0.093688,1,,,,4,adaptive,,-0.794458,,1.244779,,0.980472,0.01967175499653908,,,11,"{'length': 11, 'predictive_correct': 0.096359, 'acquisition_value': 0.093688}",1,0.35
low,0.055785,0,,,,4,adaptive,,0.256355,,0.817246,,1.80453,0.013763786733050402,,,12,"{'length': 12, 'predictive_correct': 0.322019, 'acquisition_value': 0.055785}",2,0.35
low,0.052295,0,,,,4,adaptive,,0.091123,,0.779075,,1.483793,0.01967175499653908,,,11,"{'length': 11, 'predictive_correct': 0.295669, 'acquisition_value': 0.052295}",3,0.35
low,0.049053,0,,,,4,adaptive,,-0.044494,,0.744285,,1.261733,0.028115659748972035,,,10,"{'length': 10, 'predictive_correct': 0.281749, 'acquisition_value': 0.049053}",4,0.35
low,0.046123,0,,,,4,adaptive,,-0.160102,,0.7129,,1.098572,0.04018402645107363,,,9,"{'length': 9, 'predictive_correct': 0.277602, 'acquisition_value': 0.046123}",5,0.35
low,0.043471,0,,,,4,adaptive,,-0.262385,,0.684605,,0.972346,0.05743261926761734,,,8,"{'length': 8, 'predictive_correct': 0.28189, 'acquisition_value': 0.043471}",6,0.35
low,0.041016,0,,,,4,adaptive,,-0.355779,,0.659011,,0.870549,0.0820849986238988,,,7,"{'length': 7, 'predictive_correct': 0.294464, 'acquisition_value': 0.041016}",7,0.35
low,0.038871,0,,,,4,adaptive,,-0.4434,,0.63581,,0.785627,0.0820849986238988,,,7,"{'length': 7, 'predictive_correct': 0.265181, 'acquisition_value': 0.038871}",8,0.35
low,0.036847,0,1.0,0.598068,0.240213,4,adaptive,-0.59298,-0.518832,0.595882,0.614942,0.660048,0.7191,0.11731916609425078,0.24806800000000007,0.310048,6,"{'length': 6, 'predictive_correct': 0.29053, 'acquisition_value': 0.036847}",9,0.35
low,0.049603,0,,,,5,adaptive,,0.0,,0.75,,1.324785,0.028115659748972035,,,10,"{'length': 10, 'predictive_correct': 0.296309, 'acquisition_value': 0.049603}",0,0.35
low,0.093688,0,,,,5,adaptive,,-0.794458,,1.244779,,0.980472,0.01967175499653908,,,11,"{'length': 11, 'predictive_correct': 0.096359, 'acquisition_value': 0.093688}",1,0.35
low,0.090939,0,,,,5,adaptive,,-0.941871,,1.218263,,0.818904,0.04018402645107363,,,9,"{'length': 9, 'predictive_correct': 0.103417, 'acquisition_value': 0.090939}",2,0.35
low,0.08827,0,,,,5,adaptive,,-1.085299,,1.193097,,0.68828,0.05743261926761734,,,8,"{'length': 8, 'predictive_correct': 0.098203, 'acquisition_value': 0.08827}",3,0.35
low,0.085623,0,,,,5,adaptive,,-1.212035,,1.167022,,0.587979,0.11731916609425078,,,6,"{'length': 6, 'predictive_correct': 0.125037, 'acquisition_value': 0.085623}",4,0.35
low,0.083973,0,,,,5,adaptive,,-1.365026,,1.150658,,0.495088,0.16767724875179707,,,5,"{'length': 5, 'predictive_correct': 0.130064, 'acquisition_value': 0.083973}",5,0.35
low,0.082684,1,,,,5,adaptive,,-1.520326,,1.138398,,0.417968,0.2396510364417758,,,4,"{'length': 4, 'predictive_correct': 0.14358, 'acquisition_value': 0.082684}",6,0.35
low,0.050619,0,,,,5,adaptive,,-0.829135,,0.761894,,0.583393,0.2396510364417758,,,4,"{'length': 4, 'predictive_correct': 0.325207, 'acquisition_value': 0.050619}",7,0.35
low,0.048246,0,,,,5,adaptive,,-0.949159,,0.735515,,0.507293,0.2396510364417758,,,4,"{'length': 4, 'predictive_correct': 0.285271, 'acquisition_value': 0.048246}",8,0.35
low,0.045769,0,1.0,0.396177,0.209637,5,adaptive,-1.138579,-1.051179,0.687657,0.710564,0.405699,0.449901,0.2396510364417758,0.046177000000000024,0.055699,4,"{'length': 4, 'predictive_correct': 0.252012, 'acquisition_value': 0.045769}",9,0.35
low,0.049603,0,,,,6,adaptive,,0.0,,0.75,,1.324785,0.028115659748972035,,,10,"{'length': 10, 'predictive_correct': 0.296309, 'acquisition_value': 0.049603}",0,0.35
low,0.093688,0,,,,6,adaptive,,-0.794458,,1.244779,,0.980472,0.01967175499653908,,,11,"{'length': 11, 'predictive_correct': 0.096359, 'acquisition_value': 0.093688}",1,0.35
low,0.090939,0,,,,6,adaptive,,-0.941871,,1.218263,,0.818904,0.04018402645107363,,,9,"{'length': 9, 'predictive_correct': 0.103417, 'acquisition_value': 0.090939}",2,0.35
low,0.08827,0,,,,6,adaptive,,-1.085299,,1.193097,,0.68828,0.05743261926761734,,,8,"{'length': 8, 'predictive_correct': 0.098203, 'acquisition_value': 0.08827}",3,0.35
low,0.085623,0,,,,6,adaptive,,-1.212035,,1.167022,,0.587979,0.11731916609425078,,,6,"{'length': 6, 'predictive_correct': 0.125037, 'acquisition_value': 0.085623}",4,0.35
low,0.083973,1,,,,6,adaptive,,-1.365026,,1.150658,,0.495088,0.16767724875179707,,,5,"{'length': 5, 'predictive_correct': 0.130064, 'acquisition_value': 0.083973}",5,0.35
low,0.050959,0,,,,6,adaptive,,-0.633783,,0.764993,,0.710934,0.16767724875179707,,,5,"{'length': 5, 'predictive_correct': 0.316096, 'acquisition_value': 0.050959}",6,0.35
low,0.048294,0,,,,6,adaptive,,-0.754764,,0.736292,,0.616498,0.16767724875179707,,,5,"{'length': 5, 'predictive_correct': 0.276027, 'acquisition_value': 0.048294}",7,0.35
low,0.04574,0,,,,6,adaptive,,-0.856129,,0.709805,,0.546502,0.2396510364417758,,,4,"{'length': 4, 'predictive_correct': 0.315218, 'acquisition_value': 0.04574}",8,0.35
low,0.043571,0,1.0,0.404691,0.198617,6,adaptive,-1.045987,-0.958067,0.663452,0.685666,0.437839,0.485295,0.2396510364417758,0.054691000000000045,0.087839,4,"{'length': 4, 'predictive_correct': 0.281091, 'acquisition_value': 0.043571}",9,0.35
low,0.049603,1,,,,7,adaptive,,0.0,,0.75,,1.324785,0.028115659748972035,,,10,"{'length': 10, 'predictive_correct': 0.296309, 'acquisition_value': 0.049603}",0,0.35
low,0.060148,0,,,,7,adaptive,,0.463496,,0.865625,,2.312084,0.004714356473549271,,,15,"{'length': 15, 'predictive_correct': 0.317876, 'acquisition_value': 0.060148}",1,0.35
low,0.056735,0,,,,7,adaptive,,0.26695,,0.827736,,1.839555,0.013763786733050402,,,12,"{'length': 12, 'predictive_correct': 0.325705, 'acquisition_value': 0.056735}",2,0.35
low,0.053417,0,,,,7,adaptive,,0.09645,,0.791267,,1.506067,0.01967175499653908,,,11,"{'length': 11, 'predictive_correct': 0.297698, 'acquisition_value': 0.053417}",3,0.35
low,0.050263,0,,,,7,adaptive,,-0.043259,,0.757354,,1.275749,0.028115659748972035,,,10,"{'length': 10, 'predictive_correct': 0.282497, 'acquisition_value': 0.050263}",4,0.35
low,0.047379,0,,,,7,adaptive,,-0.162593,,0.726392,,1.106531,0.04018402645107363,,,9,"{'length': 9, 'predictive_correct': 0.277164, 'acquisition_value': 0.047379}",5,0.35
low,0.044757,0,,,,7,adaptive,,-0.26816,,0.698272,,0.975926,0.05743261926761734,,,8,"{'length': 8, 'predictive_correct': 0.280363, 'acquisition_value': 0.044757}",6,0.35
low,0.042328,0,,,,7,adaptive,,-0.364543,,0.672709,,0.870859,0.0820849986238988,,,7,"{'length': 7, 'predictive_correct': 0.291883, 'acquisition_value': 0.042328}",7,0.35
low,0.04014,0,,,,7,adaptive,,-0.45506,,0.64943,,0.783346,0.0820849986238988,,,7,"{'length': 7, 'predictive_correct': 0.261795, 'acquisition_value': 0.04014}",8,0.35
low,0.038142,1,1.0,0.712536,0.211543,7,adaptive,-0.342156,-0.53285,0.584872,0.628378,0.842722,0.715037,0.11731916609425078,0.36253599999999997,0.492722,6,"{'length': 6, 'predictive_correct': 0.286179, 'acquisition_value': 0.038142}",9,0.35
low,0.049603,0,,,,8,adaptive,,0.0,,0.75,,1.324785,0.028115659748972035,,,10,"{'length': 10, 'predictive_correct': 0.296309, 'acquisition_value': 0.049603}",0,0.35
low,0.093688,0,,,,8,adaptive,,-0.794458,,1.244779,,0.980472,0.01967175499653908,,,11,"{'length': 11, 'predictive_correct': 0.096359, 'acquisition_value': 0.093688}",1,0.35
low,0.090939,0,,,,8,adaptive,,-0.941871,,1.218263,,0.818904,0.04018402645107363,,,9,"{'length': 9, 'predictive_correct': 0.103417, 'acquisition_value': 0.090939}",2,0.35
low,0.08827,0,,,,8,adaptive,,-1.085299,,1.193097,,0.68828,0.05743261926761734,,,8,"{'length': 8, 'predictive_correct': 0.098203, 'acquisition_value': 0.08827}",3,0.35
low,0.085623,0,,,,8,adaptive,,-1.212035,,1.167022,,0.587979,0.11731916609425078,,,6,"{'length': 6, 'predictive_correct': 0.125037, 'acquisition_value': 0.085623}",4,0.35
low,0.083973,0,,,,8,adaptive,,-1.365026,,1.150658,,0.495088,0.16767724875179707,,,5,"{'length': 5, 'predictive_correct': 0.130064, 'acquisition_value': 0.083973}",5,0.35
low,0.082684,0,,,,8,adaptive,,-1.520326,,1.138398,,0.417968,0.2396510364417758,,,4,"{'length': 4, 'predictive_correct': 0.14358, 'acquisition_value': 0.082684}",6,0.35
low,0.082236,0,,,,8,adaptive,,-1.688755,,1.133417,,0.351187,0.2396510364417758,,,4,"{'length': 4, 'predictive_correct': 0.110369, 'acquisition_value': 0.082236}",7,0.35
low,0.081042,1,,,,8,adaptive,,-1.819871,,1.120969,,0.303739,0.34251885509304564,,,3,"{'length': 3, 'predictive_correct': 0.1403, 'acquisition_value': 0.081042}",8,0.35
low,0.049022,0,1.0,0.300658,0.105707,8,adaptive,-1.254447,-1.143878,0.721411,0.744402,0.370008,0.42029,0.34251885509304564,0.049342,0.020008000000000026,3,"{'length': 3, 'predictive_correct': 0.315904, 'acquisition_value': 0.049022}",9,0.35
low,0.049603,0,,,,9,adaptive,,0.0,,0.75,,1.324785,0.028115659748972035,,,10,"{'length': 10, 'predictive_correct': 0.296309, 'acquisition_value': 0.049603}",0,0.35
low,0.093688,0,,,,9,adaptive,,-0.794458,,1.244779,,0.980472,0.01967175499653908,,,11,"{'length': 11, 'predictive_correct': 0.096359, 'acquisition_value': 0.093688}",1,0.35
low,0.090939,0,,,,9,adaptive,,-0.941871,,1.218263,,0.818904,0.04018402645107363,,,9,"{'length': 9, 'predictive_correct': 0.103417, 'acquisition_value': 0.090939}",2,0.35
low,0.08827,0,,,,9,adaptive,,-1.085299,,1.193097,,0.68828,0.05743261926761734,,,8,"{'length': 8, 'predictive_correct': 0.098203, 'acquisition_value': 0.08827}",3,0.35
low,0.085623,0,,,,9,adaptive,,-1.212035,,1.167022,,0.587979,0.11731916609425078,,,6,"{'length': 6, 'predictive_correct': 0.125037, 'acquisition_value': 0.085623}",4,0.35
low,0.083973,0,,,,9,adaptive,,-1.365026,,1.150658,,0.495088,0.16767724875179707,,,5,"{'length': 5, 'predictive_correct': 0.130064, 'acquisition_value': 0.083973}",5,0.35
low,0.082684,0,,,,9,adaptive,,-1.520326,,1.138398,,0.417968,0.2396510364417758,,,4,"{'length': 4, 'predictive_correct': 0.14358, 'acquisition_value': 0.082684}",6,0.35
low,0.082236,0,,,,9,adaptive,,-1.688755,,1.133417,,0.351187,0.2396510364417758,,,4,"{'length': 4, 'predictive_correct': 0.110369, 'acquisition_value': 0.082236}",7,0.35
low,0.081042,1,,,,9,adaptive,,-1.819871,,1.120969,,0.303739,0.34251885509304564,,,3,"{'length': 3, 'predictive_correct': 0.1403, 'acquisition_value': 0.081042}",8,0.35
low,0.049022,1,1.0,0.420869,0.202734,9,adaptive,-0.907722,-1.143878,0.665727,0.744402,0.503523,0.42029,0.34251885509304564,0.07086900000000002,0.15352300000000008,3,"{'length': 3, 'predictive_correct': 0.315904, 'acquisition_value': 0.049022}",9,0.35
low,,0,,,,0,random,,0.0,,0.75,,1.324785,0.003298505755939091,,,16,,0,0.35
low,,0,,,,0,random,,-0.659467,,1.215561,,1.082559,0.16767724875179707,,,5,,1,0.35
low,,0,,,,0,random,,-1.102836,,1.270186,,0.743677,0.05743261926761734,,,8,,2,0.35
low,,0,,,,0,random,,-1.252505,,1.243468,,0.619156,0.0016147559818205847,,,18,,3,0.35
low,,0,,,,0,random,,-1.275234,,1.208343,,0.579732,0.004714356473549271,,,15,,4,0.35
low,,1,,,,0,random,,-1.303573,,1.174401,,0.541201,0.4895416595569531,,,2,,5,0.35
low,,0,,,,0,random,,-0.801457,,0.894232,,0.669227,0.0011298004150420778,,,19,,6,0.35
low,,0,,,,0,random,,-0.822814,,0.875034,,0.644055,0.34251885509304564,,,3,,7,0.35
low,,0,,,,0,random,,-1.031625,,0.858089,,0.515063,0.0011298004150420778,,,19,,8,0.35
low,,0,1.0,0.345492,0.196312,0,random,-1.058795,-1.043089,0.830335,0.844931,0.489649,0.503518,0.003298505755939091,0.0045079999999999565,0.13964900000000002,16,,9,0.35
low,,0,,,,1,random,,0.0,,0.75,,1.324785,0.013763786733050402,,,12,,0,0.35
low,,0,,,,1,random,,-0.737233,,1.23147,,1.021249,0.009630143587403526,,,13,,1,0.35
low,,0,,,,1,random,,-0.861871,,1.202491,,0.870334,0.04018402645107363,,,9,,2,0.35
low,,0,,,,1,random,,-1.026704,,1.184479,,0.722376,0.0011298004150420778,,,19,,3,0.35
low,,0,,,,1,random,,-1.054725,,1.151499,,0.675873,0.028115659748972035,,,10,,4,0.35
low,,0,,,,1,random,,-1.145961,,1.125744,,0.599109,0.002307873891804375,,,17,,5,0.35
low,,0,,,,1,random,,-1.169513,,1.098432,,0.567657,0.0820849986238988,,,7,,6,0.35
low,,0,,,,1,random,,-1.2986,,1.088994,,0.493789,0.0007904903231199661,,,20,,7,0.35
low,,0,,,,1,random,,-1.310056,,1.07063,,0.47858,0.05743261926761734,,,8,,8,0.35
low,,0,1.0,0.315692,0.188705,1,random,-1.397587,-1.385989,1.037461,1.054336,0.423406,0.435972,0.002307873891804375,0.034308000000000005,0.07340600000000003,17,,9,0.35
low,,0,,,,2,random,,0.0,,0.75,,1.324785,0.009630143587403526,,,13,,0,0.35
low,,0,,,,2,random,,-0.713896,,1.226373,,1.038834,0.11731916609425078,,,6,,1,0.35
low,,0,,,,2,random,,-1.062753,,1.252033,,0.75657,0.0820849986238988,,,7,,2,0.35
low,,0,,,,2,random,,-1.244578,,1.232702,,0.61582,0.009630143587403526,,,13,,3,0.35
low,,1,,,,2,random,,-1.283907,,1.192294,,0.563761,0.4895416595569531,,,2,,4,0.35
low,,0,,,,2,random,,-0.798561,,0.910311,,0.680976,0.0007904903231199661,,,20,,5,0.35
low,,0,,,,2,random,,-0.818446,,0.890137,,0.655554,0.002307873891804375,,,17,,6,0.35
low,,0,,,,2,random,,-0.843723,,0.869443,,0.62766,0.01967175499653908,,,11,,7,0.35
low,,0,,,,2,random,,-0.896194,,0.846158,,0.583797,0.0011298004150420778,,,19,,8,0.35
low,,0,1.0,0.459994,0.205528,2,random,-0.922895,-0.91011,0.817993,0.831429,0.555248,0.56866,0.0011298004150420778,0.10999400000000004,0.20524799999999999,19,,9,0.35
low,,1,,,,3,random,,0.0,,0.75,,1.324785,0.34251885509304564,,,3,,0,0.35
low,,0,,,,3,random,,0.037411,,0.997199,,1.706789,0.34251885509304564,,,3,,1,0.35
low,,0,,,,3,random,,-0.419073,,0.97811,,1.061069,0.01967175499653908,,,11,,2,0.35
low,,0,,,,3,random,,-0.561588,,0.935773,,0.883598,0.002307873891804375,,,17,,3,0.35
low,,0,,,,3,random,,-0.615171,,0.905752,,0.814666,0.05743261926761734,,,8,,4,0.35
low,,1,,,,3,random,,-0.741382,,0.869582,,0.69538,0.01967175499653908,,,11,,5,0.35
low,,1,,,,3,random,,-0.120188,,0.695209,,1.129155,0.34251885509304564,,,3,,6,0.35
low,,0,,,,3,random,,-0.025067,,0.676593,,1.22608,0.003298505755939091,,,16,,7,0.35
low,,0,,,,3,random,,-0.087599,,0.652886,,1.133751,0.003298505755939091,,,16,,8,0.35
low,,0,1.0,0.808459,0.410165,3,random,-0.181859,-0.140242,0.614719,0.632247,1.007105,1.061439,0.002307873891804375,0.45845900000000006,0.6571049999999999,17,,9,0.35
low,,0,,,,4,random,,0.0,,0.75,,1.324785,0.009630143587403526,,,13,,0,0.35
low,,1,,,,4,random,,-0.713896,,1.226373,,1.038834,0.34251885509304564,,,3,,1,0.35
low,,0,,,,4,random,,-0.177046,,0.963474,,1.33255,0.0016147559818205847,,,18,,2,0.35
low,,0,,,,4,random,,-0.276559,,0.930752,,1.169517,0.0016147559818205847,,,18,,3,0.35
low,,0,,,,4,random,,-0.352038,,0.901167,,1.055499,0.04018402645107363,,,9,,4,0.35
low,,0,,,,4,random,,-0.495487,,0.87203,,0.891127,0.004714356473549271,,,15,,5,0.35
low,,0,,,,4,random,,-0.553216,,0.84672,,0.823042,0.003298505755939091,,,16,,6,0.35
low,,0,,,,4,random,,-0.596087,,0.824723,,0.77414,0.013763786733050402,,,12,,7,0.35
low,,0,,,,4,random,,-0.656181,,0.802946,,0.716183,0.002307873891804375,,,17,,8,0.35
low,,0,1.0,0.333349,0.134189,4,random,-0.890423,-0.682824,0.78519,0.785914,0.55869,0.687981,0.4895416595569531,0.01665099999999997,0.20869000000000004,2,,9,0.35
low,,0,,,,5,random,,0.0,,0.75,,1.324785,0.01967175499653908,,,11,,0,0.35
low,,0,,,,5,random,,-0.76389,,1.237542,,1.001866,0.0016147559818205847,,,18,,1,0.35
low,,0,,,,5,random,,-0.829843,,1.200341,,0.896342,0.0820849986238988,,,7,,2,0.35
low,,0,,,,5,random,,-1.076642,,1.203746,,0.703182,0.0016147559818205847,,,18,,3,0.35
low,,0,,,,5,random,,-1.106684,,1.169619,,0.655289,0.05743261926761734,,,8,,4,0.35
low,,0,,,,5,random,,-1.234276,,1.150453,,0.56411,0.11731916609425078,,,6,,5,0.35
low,,0,,,,5,random,,-1.386958,,1.140187,,0.478574,0.34251885509304564,,,3,,6,0.35
low,,0,,,,5,random,,-1.673972,,1.17461,,0.373769,0.0007904903231199661,,,20,,7,0.35
low,,0,,,,5,random,,-1.681342,,1.159111,,0.364374,0.004714356473549271,,,15,,8,0.35
low,,1,1.0,0.386584,0.19279,5,random,-1.114653,-1.692541,0.817179,1.138759,0.458057,0.351989,0.4895416595569531,0.036584000000000005,0.10805700000000001,2,,9,0.35
low,,0,,,,6,random,,0.0,,0.75,,1.324785,0.003298505755939091,,,16,,0,0.35
low,,0,,,,6,random,,-0.659467,,1.215561,,1.082559,0.0016147559818205847,,,18,,1,0.35
low,,0,,,,6,random,,-0.742606,,1.183395,,0.958492,0.0007904903231199661,,,20,,2,0.35
low,,0,,,,6,random,,-0.794909,,1.151548,,0.876448,0.0007904903231199661,,,20,,3,0.35
low,,0,,,,6,random,,-0.838801,,1.122619,,0.811668,0.16767724875179707,,,5,,4,0.35
low,,0,,,,6,random,,-1.186794,,1.171242,,0.605991,0.01967175499653908,,,11,,5,0.35
low,,0,,,,6,random,,-1.253928,,1.144786,,0.549547,0.4895416595569531,,,2,,6,0.35
low,,0,,,,6,random,,-1.766655,,1.264647,,0.380226,0.01967175499653908,,,11,,7,0.35
low,,0,,,,6,random,,-1.789494,,1.233708,,0.357552,0.002307873891804375,,,17,,8,0.35
low,,1,1.0,0.354259,0.150174,6,random,-1.085872,-1.800158,0.839059,1.2156,0.480051,0.346,0.4895416595569531,0.004259000000000013,0.13005100000000003,2,,9,0.35
low,,0,,,,7,random,,0.0,,0.75,,1.324785,0.004714356473549271,,,15,,0,0.35
low,,0,,,,7,random,,-0.675372,,1.218532,,1.069337,0.0011298004150420778,,,19,,1,0.35
low,,0,,,,7,random,,-0.74773,,1.18483,,0.955215,0.16767724875179707,,,5,,2,0.35
low,,0,,,,7,random,,-1.140726,,1.231964,,0.682591,0.028115659748972035,,,10,,3,0.35
low,,0,,,,7,random,,-1.233631,,1.200033,,0.598342,0.0011298004150420778,,,19,,4,0.35
low,,0,,,,7,random,,-1.254004,,1.170819,,0.56632,0.0011298004150420778,,,19,,5,0.35
low,,0,,,,7,random,,-1.272548,,1.145156,,0.539638,0.04018402645107363,,,9,,6,0.35
low,,0,,,,7,random,,-1.349275,,1.122372,,0.487037,0.0011298004150420778,,,19,,7,0.35
low,,0,,,,7,random,,-1.362371,,1.102624,,0.470254,0.004714356473549271,,,15,,8,0.35
low,,0,1.0,0.278163,0.162879,7,random,-1.451743,-1.38142,1.065675,1.081119,0.413164,0.450674,0.05743261926761734,0.07183699999999998,0.063164,8,,9,0.35
low,,0,,,,8,random,,0.0,,0.75,,1.324785,0.002307873891804375,,,17,,0,0.35
low,,0,,,,8,random,,-0.645419,,1.213102,,1.0946,0.013763786733050402,,,12,,1,0.35
low,,0,,,,8,random,,-0.814877,,1.195979,,0.905114,0.009630143587403526,,,13,,2,0.35
low,,0,,,,8,random,,-0.915806,,1.167034,,0.790712,0.028115659748972035,,,10,,3,0.35
low,,0,,,,8,random,,-1.038806,,1.145182,,0.681755,0.013763786733050402,,,12,,4,0.35
low,,0,,,,8,random,,-1.104336,,1.115916,,0.617731,0.05743261926761734,,,8,,5,0.35
low,,0,,,,8,random,,-1.22142,,1.099816,,0.539764,0.009630143587403526,,,13,,6,0.35
low,,0,,,,8,random,,-1.254668,,1.073076,,0.507164,0.04018402645107363,,,9,,7,0.35
low,,1,,,,8,random,,-1.321204,,1.052838,,0.464418,0.2396510364417758,,,4,,8,0.35
low,,1,1.0,0.646284,0.241536,8,random,-0.56634,-0.735443,0.675792,0.738957,0.713201,0.629761,0.34251885509304564,0.296284,0.363201,3,,9,0.35
low,,1,,,,9,random,,0.0,,0.75,,1.324785,0.4895416595569531,,,2,,0,0.35
low,,0,,,,9,random,,-0.074559,,1.039204,,1.592672,0.004714356473549271,,,15,,1,0.35
low,,0,,,,9,random,,-0.258592,,1.007535,,1.282705,0.009630143587403526,,,13,,2,0.35
low,,0,,,,9,random,,-0.407627,,0.974663,,1.069677,0.0011298004150420778,,,19,,3,0.35
low,,0,,,,9,random,,-0.468669,,0.945098,,0.978178,0.4895416595569531,,,2,,4,0.35
low,,0,,,,9,random,,-0.813973,,0.940075,,0.689284,0.0820849986238988,,,7,,5,0.35
low,,1,,,,9,random,,-0.944254,,0.907075,,0.586923,0.11731916609425078,,,6,,6,0.35
low,,0,,,,9,random,,-0.434849,,0.736107,,0.848808,0.013763786733050402,,,12,,7,0.35
low,,0,,,,9,random,,-0.496509,,0.712182,,0.784345,0.0011298004150420778,,,19,,8,0.35
low,,1,0.995,0.836976,0.305759,9,random,-0.226928,-0.520169,0.622863,0.69701,0.967588,0.75786,0.05743261926761734,0.4869760000000001,0.617588,8,,9,0.35
medium,0.049603,0,,,,0,adaptive,,0.0,,0.75,,1.324785,0.2865047968601901,,,10,"{'length': 10, 'predictive_correct': 0.296309, 'acquisition_value': 0.049603}",0,1.0
medium,0.093688,0,,,,0,adaptive,,-0.794458,,1.244779,,0.980472,0.25283959580474646,,,11,"{'length': 11, 'predictive_correct': 0.096359, 'acquisition_value': 0.093688}",1,1.0
medium,0.090939,0,,,,0,adaptive,,-0.941871,,1.218263,,0.818904,0.32465246735834974,,,9,"{'length': 9, 'predictive_correct': 0.103417, 'acquisition_value': 0.090939}",2,1.0
medium,0.08827,1,,,,0,adaptive,,-1.085299,,1.193097,,0.68828,0.36787944117144233,,,8,"{'length': 8, 'predictive_correct': 0.098203, 'acquisition_value': 0.08827}",3,1.0
medium,0.052067,0,,,,0,adaptive,,-0.20327,,0.776558,,1.10324,0.36787944117144233,,,8,"{'length': 8, 'predictive_correct': 0.303422, 'acquisition_value': 0.052067}",4,1.0
medium,0.048966,0,,,,0,adaptive,,-0.333587,,0.743304,,0.944276,0.4168620196785084,,,7,"{'length': 7, 'predictive_correct': 0.303697, 'acquisition_value': 0.048966}",5,1.0
medium,0.046078,0,,,,0,adaptive,,-0.449717,,0.712913,,0.822346,0.4168620196785084,,,7,"{'length': 7, 'predictive_correct': 0.265317, 'acquisition_value': 0.046078}",6,1.0
medium,0.043579,0,,,,0,adaptive,,-0.545607,,0.685751,,0.733095,0.4723665527410147,,,6,"{'length': 6, 'predictive_correct': 0.283374, 'acquisition_value': 0.043579}",7,1.0
medium,0.041192,1,,,,0,adaptive,,-0.63683,,0.661075,,0.658152,0.4723665527410147,,,6,"{'length': 6, 'predictive_correct': 0.253306, 'acquisition_value': 0.041192}",8,1.0
medium,0.036266,1,1.0,0.815721,0.264171,0,adaptive,-0.217744,-0.407393,0.576036,0.608186,0.949485,0.800557,0.4168620196785084,0.18427899999999997,0.05051499999999998,7,"{'length': 7, 'predictive_correct': 0.276229, 'acquisition_value': 0.036266}",9,1.0
medium,0.049603,1,,,,1,adaptive,,0.0,,0.75,,1.324785,0.2865047968601901,,,10,"{'length': 10, 'predictive_correct': 0.296309, 'acquisition_value': 0.049603}",0,1.0
medium,0.060148,0,,,,1,adaptive,,0.463496,,0.865625,,2.312084,0.15335496684492847,,,15,"{'length': 15, 'predictive_correct': 0.317876, 'acquisition_value': 0.060148}",1,1.0
medium,0.056735,0,,,,1,adaptive,,0.26695,,0.827736,,1.839555,0.22313016014842982,,,12,"{'length': 12, 'predictive_correct': 0.325705, 'acquisition_value': 0.056735}",2,1.0
medium,0.053417,0,,,,1,adaptive,,0.09645,,0.791267,,1.506067,0.25283959580474646,,,11,"{'length': 11, 'predictive_correct': 0.297698, 'acquisition_value': 0.053417}",3,1.0
medium,0.050263,0,,,,1,adaptive,,-0.043259,,0.757354,,1.275749,0.2865047968601901,,,10,"{'length': 10, 'predictive_correct': 0.282497, 'acquisition_value': 0.050263}",4,1.0
medium,0.047379,0,,,,1,adaptive,,-0.162593,,0.726392,,1.106531,0.32465246735834974,,,9,"{'length': 9, 'predictive_correct': 0.277164, 'acquisition_value': 0.047379}",5,1.0
medium,0.044757,0,,,,1,adaptive,,-0.26816,,0.698272,,0.975926,0.36787944117144233,,,8,"{'length': 8, 'predictive_correct': 0.280363, 'acquisition_value': 0.044757}",6,1.0
medium,0.042328,0,,,,1,adaptive,,-0.364543,,0.672709,,0.870859,0.4168620196785084,,,7,"{'length': 7, 'predictive_correct': 0.291883, 'acquisition_value': 0.042328}",7,1.0
medium,0.04014,0,,,,1,adaptive,,-0.45506,,0.64943,,0.783346,0.4168620196785084,,,7,"{'length': 7, 'predictive_correct': 0.261795, 'acquisition_value': 0.04014}",8,1.0
medium,0.038142,1,1.0,0.73642,0.257759,1,adaptive,-0.342156,-0.53285,0.584872,0.628378,0.842722,0.715037,0.4723665527410147,0.26358000000000004,0.15727800000000003,6,"{'length': 6, 'predictive_correct': 0.286179, 'acquisition_value': 0.038142}",9,1.0
medium,0.049603,1,,,,2,adaptive,,0.0,,0.75,,1.324785,0.2865047968601901,,,10,"{'length': 10, 'predictive_correct': 0.296309, 'acquisition_value': 0.049603}",0,1.0
medium,0.060148,0,,,,2,adaptive,,0.463496,,0.865625,,2.312084,0.15335496684492847,,,15,"{'length': 15, 'predictive_correct': 0.317876, 'acquisition_value': 0.060148}",1,1.0
medium,0.056735,0,,,,2,adaptive,,0.26695,,0.827736,,1.839555,0.22313016014842982,,,12,"{'length': 12, 'predictive_correct': 0.325705, 'acquisition_value': 0.056735}",2,1.0
medium,0.053417,0,,,,2,adaptive,,0.09645,,0.791267,,1.506067,0.25283959580474646,,,11,"{'length': 11, 'predictive_correct': 0.297698, 'acquisition_value': 0.053417}",3,1.0
medium,0.050263,0,,,,2,adaptive,,-0.043259,,0.757354,,1.275749,0.2865047968601901,,,10,"{'length': 10, 'predictive_correct': 0.282497, 'acquisition_value': 0.050263}",4,1.0
medium,0.047379,1,,,,2,adaptive,,-0.162593,,0.726392,,1.106531,0.32465246735834974,,,9,"{'length': 9, 'predictive_correct': 0.277164, 'acquisition_value': 0.047379}",5,1.0
medium,0.041479,0,,,,2,adaptive,,0.112561,,0.663484,,1.394683,0.22313016014842982,,,12,"{'length': 12, 'predictive_correct': 0.27142, 'acquisition_value': 0.041479}",6,1.0
medium,0.03904,0,,,,2,adaptive,,0.022954,,0.637568,,1.253827,0.25283959580474646,,,11,"{'length': 11, 'predictive_correct': 0.26989, 'acquisition_value': 0.03904}",7,1.0
medium,0.036851,0,,,,2,adaptive,,-0.057879,,0.614344,,1.139775,0.2865047968601901,,,10,"{'length': 10, 'predictive_correct': 0.274026, 'acquisition_value': 0.036851}",8,1.0
medium,0.034874,0,1.0,0.821328,0.337816,2,adaptive,-0.19728,-0.132532,0.574627,0.59338,0.96833,1.044478,0.2865047968601901,0.17867200000000005,0.031669999999999976,10,"{'length': 10, 'predictive_correct': 0.249247, 'acquisition_value': 0.034874}",9,1.0
medium,0.049603,1,,,,3,adaptive,,0.0,,0.75,,1.324785,0.2865047968601901,,,10,"{'length': 10, 'predictive_correct': 0.296309, 'acquisition_value': 0.049603}",0,1.0
medium,0.060148,0,,,,3,adaptive,,0.463496,,0.865625,,2.312084,0.15335496684492847,,,15,"{'length': 15, 'predictive_correct': 0.317876, 'acquisition_value': 0.060148}",1,1.0
medium,0.056735,0,,,,3,adaptive,,0.26695,,0.827736,,1.839555,0.22313016014842982,,,12,"{'length': 12, 'predictive_correct': 0.325705, 'acquisition_value': 0.056735}",2,1.0
medium,0.053417,0,,,,3,adaptive,,0.09645,,0.791267,,1.506067,0.25283959580474646,,,11,"{'length': 11, 'predictive_correct': 0.297698, 'acquisition_value': 0.053417}",3,1.0
medium,0.050263,0,,,,3,adaptive,,-0.043259,,0.757354,,1.275749,0.2865047968601901,,,10,"{'length': 10, 'predictive_correct': 0.282497, 'acquisition_value': 0.050263}",4,1.0
medium,0.047379,0,,,,3,adaptive,,-0.162593,,0.726392,,1.106531,0.32465246735834974,,,9,"{'length': 9, 'predictive_correct': 0.277164, 'acquisition_value': 0.047379}",5,1.0
medium,0.044757,0,,,,3,adaptive,,-0.26816,,0.698272,,0.975926,0.36787944117144233,,,8,"{'length': 8, 'predictive_correct': 0.280363, 'acquisition_value': 0.044757}",6,1.0
medium,0.042328,1,,,,3,adaptive,,-0.364543,,0.672709,,0.870859,0.4168620196785084,,,7,"{'length': 7, 'predictive_correct': 0.291883, 'acquisition_value': 0.042328}",7,1.0
medium,0.037559,0,,,,3,adaptive,,-0.14475,,0.622011,,1.049904,0.32465246735834974,,,9,"{'length': 9, 'predictive_correct': 0.280294, 'acquisition_value': 0.037559}",8,1.0
medium,0.035529,0,1.0,0.709808,0.203855,3,adaptive,-0.289105,-0.222155,0.580833,0.600275,0.886547,0.95888,0.32465246735834974,0.290192,0.11345300000000003,9,"{'length': 9, 'predictive_correct': 0.254496, 'acquisition_value': 0.035529}",9,1.0
medium,0.049603,0,,,,4,adaptive,,0.0,,0.75,,1.324785,0.2865047968601901,,,10,"{'length': 10, 'predictive_correct': 0.296309, 'acquisition_value': 0.049603}",0,1.0
medium,0.093688,0,,,,4,adaptive,,-0.794458,,1.244779,,0.980472,0.25283959580474646,,,11,"{'length': 11, 'predictive_correct': 0.096359, 'acquisition_value': 0.093688}",1,1.0
medium,0.090939,0,,,,4,adaptive,,-0.941871,,1.218263,,0.818904,0.32465246735834974,,,9,"{'length': 9, 'predictive_correct': 0.103417, 'acquisition_value': 0.090939}",2,1.0
medium,0.08827,1,,,,4,adaptive,,-1.085299,,1.193097,,0.68828,0.36787944117144233,,,8,"{'length': 8, 'predictive_correct': 0.098203, 'acquisition_value': 0.08827}",3,1.0
medium,0.052067,0,,,,4,adaptive,,-0.20327,,0.776558,,1.10324,0.36787944117144233,,,8,"{'length': 8, 'predictive_correct': 0.303422, 'acquisition_value': 0.052067}",4,1.0
medium,0.048966,0,,,,4,adaptive,,-0.333587,,0.743304,,0.944276,0.4168620196785084,,,7,"{'length': 7, 'predictive_correct': 0.303697, 'acquisition_value': 0.048966}",5,1.0
medium,0.046078,0,,,,4,adaptive,,-0.449717,,0.712913,,0.822346,0.4168620196785084,,,7,"{'length': 7, 'predictive_correct': 0.265317, 'acquisition_value': 0.046078}",6,1.0
medium,0.043579,0,,,,4,adaptive,,-0.545607,,0.685751,,0.733095,0.4723665527410147,,,6,"{'length': 6, 'predictive_correct': 0.283374, 'acquisition_value': 0.043579}",7,1.0
medium,0.041192,1,,,,4,adaptive,,-0.63683,,0.661075,,0.658152,0.4723665527410147,,,6,"{'length': 6, 'predictive_correct': 0.253306, 'acquisition_value': 0.041192}",8,1.0
medium,0.036266,1,0.995,0.849486,0.301017,4,adaptive,-0.217744,-0.407393,0.576036,0.608186,0.949485,0.800557,0.4168620196785084,0.15051400000000004,0.05051499999999998,7,"{'length': 7, 'predictive_correct': 0.276229, 'acquisition_value': 0.036266}",9,1.0
medium,0.049603,0,,,,5,adaptive,,0.0,,0.75,,1.324785,0.2865047968601901,,,10,"{'length': 10, 'predictive_correct': 0.296309, 'acquisition_value': 0.049603}",0,1.0
medium,0.093688,1,,,,5,adaptive,,-0.794458,,1.244779,,0.980472,0.25283959580474646,,,11,"{'length': 11, 'predictive_correct': 0.096359, 'acquisition_value': 0.093688}",1,1.0
medium,0.055785,0,,,,5,adaptive,,0.256355,,0.817246,,1.80453,0.22313016014842982,,,12,"{'length': 12, 'predictive_correct': 0.322019, 'acquisition_value': 0.055785}",2,1.0
medium,0.052295,1,,,,5,adaptive,,0.091123,,0.779075,,1.483793,0.25283959580474646,,,11,"{'length': 11, 'predictive_correct': 0.295669, 'acquisition_value': 0.052295}",3,1.0
medium,0.045986,1,,,,5,adaptive,,0.4148,,0.711446,,1.950094,0.1353352832366127,,,16,"{'length': 16, 'predictive_correct': 0.277414, 'acquisition_value': 0.045986}",4,1.0
medium,0.04162,0,,,,5,adaptive,,0.706373,,0.665573,,2.529108,0.0820849986238988,,,20,"{'length': 20, 'predictive_correct': 0.298697, 'acquisition_value': 0.04162}",5,1.0
medium,0.038955,0,,,,5,adaptive,,0.602631,,0.636722,,2.237454,0.0820849986238988,,,20,"{'length': 20, 'predictive_correct': 0.26398, 'acquisition_value': 0.038955}",6,1.0
medium,0.036597,0,,,,5,adaptive,,0.517451,,0.611585,,2.022772,0.10539922456186433,,,18,"{'length': 18, 'predictive_correct': 0.269876, 'acquisition_value': 0.036597}",7,1.0
medium,0.034487,0,,,,5,adaptive,,0.43962,,0.589002,,1.846111,0.11943296826671962,,,17,"{'length': 17, 'predictive_correct': 0.262547, 'acquisition_value': 0.034487}",8,1.0
medium,0.03261,0,1.0,1.452569,0.440851,5,adaptive,0.306602,0.37002,0.550571,0.568806,1.581172,1.701977,0.1353352832366127,0.452569,0.581172,16,"{'length': 16, 'predictive_correct': 0.259096, 'acquisition_value': 0.03261}",9,1.0
medium,0.049603,0,,,,6,adaptive,,0.0,,0.75,,1.324785,0.2865047968601901,,,10,"{'length': 10, 'predictive_correct': 0.296309, 'acquisition_value': 0.049603}",0,1.0
medium,0.093688,1,,,,6,adaptive,,-0.794458,,1.244779,,0.980472,0.25283959580474646,,,11,"{'length': 11, 'predictive_correct': 0.096359, 'acquisition_value': 0.093688}",1,1.0
medium,0.055785,0,,,,6,adaptive,,0.256355,,0.817246,,1.80453,0.22313016014842982,,,12,"{'length': 12, 'predictive_correct': 0.322019, 'acquisition_value': 0.055785}",2,1.0
medium,0.052295,1,,,,6,adaptive,,0.091123,,0.779075,,1.483793,0.25283959580474646,,,11,"{'length': 11, 'predictive_correct': 0.295669, 'acquisition_value': 0.052295}",3,1.0
medium,0.045986,0,,,,6,adaptive,,0.4148,,0.711446,,1.950094,0.1353352832366127,,,16,"{'length': 16, 'predictive_correct': 0.277414, 'acquisition_value': 0.045986}",4,1.0
medium,0.043056,0,,,,6,adaptive,,0.303758,,0.680216,,1.707627,0.17377394345044514,,,14,"{'length': 14, 'predictive_correct': 0.28391, 'acquisition_value': 0.043056}",5,1.0
medium,0.04041,1,,,,6,adaptive,,0.203917,,0.652112,,1.516707,0.19691167520419406,,,13,"{'length': 13, 'predictive_correct': 0.274797, 'acquisition_value': 0.04041}",6,1.0
medium,0.036889,0,,,,6,adaptive,,0.436731,,0.614705,,1.869484,0.11943296826671962,,,17,"{'length': 17, 'predictive_correct': 0.262289, 'acquisition_value': 0.036889}",7,1.0
medium,0.034733,1,,,,6,adaptive,,0.359594,,0.591684,,1.706833,0.1353352832366127,,,16,"{'length': 16, 'predictive_correct': 0.25632, 'acquisition_value': 0.034733}",8,1.0
medium,0.032346,0,0.995,1.777806,0.676101,6,adaptive,0.495701,0.561269,0.546482,0.566025,1.906029,2.057438,0.09301448921066349,0.777806,0.906029,19,"{'length': 19, 'predictive_correct': 0.265373, 'acquisition_value': 0.032346}",9,1.0
medium,0.049603,1,,,,7,adaptive,,0.0,,0.75,,1.324785,0.2865047968601901,,,10,"{'length': 10, 'predictive_correct': 0.296309, 'acquisition_value': 0.049603}",0,1.0
medium,0.060148,1,,,,7,adaptive,,0.463496,,0.865625,,2.312084,0.15335496684492847,,,15,"{'length': 15, 'predictive_correct': 0.317876, 'acquisition_value': 0.060148}",1,1.0
medium,0.051235,0,,,,7,adaptive,,0.881488,,0.77202,,3.252735,0.0820849986238988,,,20,"{'length': 20, 'predictive_correct': 0.35906, 'acquisition_value': 0.051235}",2,1.0
medium,0.048229,1,,,,7,adaptive,,0.710843,,0.735403,,2.667793,0.0820849986238988,,,20,"{'length': 20, 'predictive_correct': 0.301746, 'acquisition_value': 0.048229}",3,1.0
medium,0.041741,0,,,,7,adaptive,,1.017067,,0.684634,,3.495334,0.0820849986238988,,,20,"{'length': 20, 'predictive_correct': 0.404128, 'acquisition_value': 0.041741}",4,1.0
medium,0.039716,0,,,,7,adaptive,,0.878284,,0.652945,,2.9786,0.0820849986238988,,,20,"{'length': 20, 'predictive_correct': 0.356512, 'acquisition_value': 0.039716}",5,1.0
medium,0.037594,0,,,,7,adaptive,,0.766257,,0.625154,,2.616049,0.0820849986238988,,,20,"{'length': 20, 'predictive_correct': 0.317981, 'acquisition_value': 0.037594}",6,1.0
medium,0.035522,0,,,,7,adaptive,,0.673566,,0.600706,,2.349,0.0820849986238988,,,20,"{'length': 20, 'predictive_correct': 0.286363, 'acquisition_value': 0.035522}",7,1.0
medium,0.033566,1,,,,7,adaptive,,0.595259,,0.579109,,2.144577,0.0820849986238988,,,20,"{'length': 20, 'predictive_correct': 0.260047, 'acquisition_value': 0.033566}",8,1.0
medium,0.030769,0,1.0,2.25723,0.724484,7,adaptive,0.716029,0.787691,0.535212,0.554106,2.361401,2.563076,0.0820849986238988,1.2572299999999998,1.3614009999999999,20,"{'length': 20, 'predictive_correct': 0.324196, 'acquisition_value': 0.030769}",9,1.0
medium,0.049603,0,,,,8,adaptive,,0.0,,0.75,,1.324785,0.2865047968601901,,,10,"{'length': 10, 'predictive_correct': 0.296309, 'acquisition_value': 0.049603}",0,1.0
medium,0.093688,0,,,,8,adaptive,,-0.794458,,1.244779,,0.980472,0.25283959580474646,,,11,"{'length': 11, 'predictive_correct': 0.096359, 'acquisition_value': 0.093688}",1,1.0
medium,0.090939,1,,,,8,adaptive,,-0.941871,,1.218263,,0.818904,0.32465246735834974,,,9,"{'length': 9, 'predictive_correct': 0.103417, 'acquisition_value': 0.090939}",2,1.0
medium,0.054207,0,,,,8,adaptive,,-0.003525,,0.799949,,1.372227,0.2865047968601901,,,10,"{'length': 10, 'predictive_correct': 0.296408, 'acquisition_value': 0.054207}",3,1.0
medium,0.050911,0,,,,8,adaptive,,-0.145406,,0.764342,,1.15801,0.32465246735834974,,,9,"{'length': 9, 'predictive_correct': 0.283718, 'acquisition_value': 0.050911}",4,1.0
medium,0.0479,0,,,,8,adaptive,,-0.266832,,0.731867,,1.000983,0.36787944117144233,,,8,"{'length': 8, 'predictive_correct': 0.281677, 'acquisition_value': 0.0479}",5,1.0
medium,0.045149,0,,,,8,adaptive,,-0.374627,,0.702462,,0.879941,0.4168620196785084,,,7,"{'length': 7, 'predictive_correct': 0.289286, 'acquisition_value': 0.045149}",6,1.0
medium,0.042584,0,,,,8,adaptive,,-0.473565,,0.675832,,0.782555,0.4168620196785084,,,7,"{'length': 7, 'predictive_correct': 0.25664, 'acquisition_value': 0.042584}",7,1.0
medium,0.040394,1,,,,8,adaptive,,-0.557077,,0.651976,,0.708546,0.4723665527410147,,,6,"{'length': 6, 'predictive_correct': 0.278776, 'acquisition_value': 0.040394}",8,1.0
medium,0.035889,0,0.995,0.759188,0.343322,8,adaptive,-0.414294,-0.347031,0.584141,0.604207,0.783735,0.84832,0.36787944117144233,0.24081200000000003,0.21626500000000004,8,"{'length': 8, 'predictive_correct': 0.252327, 'acquisition_value': 0.035889}",9,1.0
medium,0.049603,0,,,,9,adaptive,,0.0,,0.75,,1.324785,0.2865047968601901,,,10,"{'length': 10, 'predictive_correct': 0.296309, 'acquisition_value': 0.049603}",0,1.0
medium,0.093688,1,,,,9,adaptive,,-0.794458,,1.244779,,0.980472,0.25283959580474646,,,11,"{'length': 11, 'predictive_correct': 0.096359, 'acquisition_value': 0.093688}",1,1.0
medium,0.055785,0,,,,9,adaptive,,0.256355,,0.817246,,1.80453,0.22313016014842982,,,12,"{'length': 12, 'predictive_correct': 0.322019, 'acquisition_value': 0.055785}",2,1.0
medium,0.052295,0,,,,9,adaptive,,0.091123,,0.779075,,1.483793,0.25283959580474646,,,11,"{'length': 11, 'predictive_correct': 0.295669, 'acquisition_value': 0.052295}",3,1.0
medium,0.049053,0,,,,9,adaptive,,-0.044494,,0.744285,,1.261733,0.2865047968601901,,,10,"{'length': 10, 'predictive_correct': 0.281749, 'acquisition_value': 0.049053}",4,1.0
medium,0.046123,1,,,,9,adaptive,,-0.160102,,0.7129,,1.098572,0.32465246735834974,,,9,"{'length': 9, 'predictive_correct': 0.277602, 'acquisition_value': 0.046123}",5,1.0
medium,0.040836,0,,,,9,adaptive,,0.106854,,0.656672,,1.380525,0.22313016014842982,,,12,"{'length': 12, 'predictive_correct': 0.269389, 'acquisition_value': 0.040836}",6,1.0
medium,0.038401,1,,,,9,adaptive,,0.019116,,0.630777,,1.243656,0.25283959580474646,,,11,"{'length': 11, 'predictive_correct': 0.268464, 'acquisition_value': 0.038401}",7,1.0
medium,0.035201,0,,,,9,adaptive,,0.236087,,0.596674,,1.513004,0.17377394345044514,,,14,"{'length': 14, 'predictive_correct': 0.259701, 'acquisition_value': 0.035201}",8,1.0
medium,0.033199,1,1.0,1.50264,0.500275,9,adaptive,0.350625,0.165309,0.552064,0.575157,1.653695,1.391959,0.19691167520419406,0.50264,0.6536949999999999,13,"{'length': 13, 'predictive_correct': 0.260216, 'acquisition_value': 0.033199}",9,1.0
medium,,1,,,,0,random,,0.0,,0.75,,1.324785,0.4723665527410147,,,6,,0,1.0
medium,,1,,,,0,random,,0.265653,,0.921525,,1.994228,0.7788007830714049,,,2,,1,1.0
medium,,0,,,,0,random,,0.374167,,0.88993,,2.160101,0.22313016014842982,,,12,,2,1.0
medium,,1,,,,0,random,,0.147139,,0.851727,,1.665056,0.4168620196785084,,,7,,3,1.0
medium,,0,,,,0,random,,0.415814,,0.784469,,2.061656,0.0820849986238988,,,20,,4,1.0
medium,,0,,,,0,random,,0.299397,,0.751305,,1.788946,0.0820849986238988,,,20,,5,1.0
medium,,1,,,,0,random,,0.208629,,0.722488,,1.599392,0.4723665527410147,,,6,,6,1.0
medium,,0,,,,0,random,,0.356031,,0.689198,,1.810363,0.7788007830714049,,,2,,7,1.0
medium,,0,,,,0,random,,0.158166,,0.667126,,1.4633,0.0820849986238988,,,20,,8,1.0
medium,,1,1.0,1.001548,0.318283,0,random,0.165087,0.100108,0.632523,0.645266,1.4407,1.361099,0.6872892787909722,0.0015480000000001048,0.4407000000000001,3,,9,1.0
medium,,0,,,,1,random,,0.0,,0.75,,1.324785,0.1353352832366127,,,16,,0,1.0
medium,,0,,,,1,random,,-0.659467,,1.215561,,1.082559,0.5352614285189903,,,5,,1,1.0
medium,,0,,,,1,random,,-1.102836,,1.270186,,0.743677,0.17377394345044514,,,14,,2,1.0
medium,,1,,,,1,random,,-1.158474,,1.229363,,0.668441,0.6872892787909722,,,3,,3,1.0
medium,,0,,,,1,random,,-0.52894,,0.900675,,0.88397,0.19691167520419406,,,13,,4,1.0
medium,,1,,,,1,random,,-0.604946,,0.870563,,0.797713,0.6065306597126334,,,4,,5,1.0
medium,,0,,,,1,random,,-0.322655,,0.77085,,0.974774,0.1353352832366127,,,16,,6,1.0
medium,,0,,,,1,random,,-0.375943,,0.747205,,0.907751,0.4723665527410147,,,6,,7,1.0
medium,,0,,,,1,random,,-0.501289,,0.72049,,0.785263,0.15335496684492847,,,15,,8,1.0
medium,,0,0.995,0.725865,0.345118,1,random,-0.605183,-0.53834,0.68082,0.701991,0.688373,0.74681,0.32465246735834974,0.274135,0.311627,9,,9,1.0
medium,,0,,,,2,random,,0.0,,0.75,,1.324785,0.1353352832366127,,,16,,0,1.0
medium,,1,,,,2,random,,-0.659467,,1.215561,,1.082559,0.4168620196785084,,,7,,1,1.0
medium,,0,,,,2,random,,0.137928,,0.867577,,1.672422,0.4168620196785084,,,7,,2,1.0
medium,,0,,,,2,random,,-0.097476,,0.831998,,1.282273,0.22313016014842982,,,12,,3,1.0
medium,,0,,,,2,random,,-0.220219,,0.797277,,1.102528,0.5352614285189903,,,5,,4,1.0
medium,,0,,,,2,random,,-0.399177,,0.764375,,0.898488,0.19691167520419406,,,13,,5,1.0
medium,,0,,,,2,random,,-0.462501,,0.738433,,0.827076,0.2865047968601901,,,10,,6,1.0
medium,,1,,,,2,random,,-0.535724,,0.712974,,0.754607,0.15335496684492847,,,15,,7,1.0
medium,,1,,,,2,random,,-0.047775,,0.602206,,1.14288,0.22313016014842982,,,12,,8,1.0
medium,,1,1.0,1.403045,0.479936,2,random,0.207372,0.176297,0.566045,0.56984,1.444228,1.40306,0.7788007830714049,0.4030450000000001,0.44422800000000007,2,,9,1.0
medium,,1,,,,3,random,,0.0,,0.75,,1.324785,0.5352614285189903,,,5,,0,1.0
medium,,0,,,,3,random,,0.201381,,0.941803,,1.905753,0.25283959580474646,,,11,,1,1.0
medium,,0,,,,3,random,,-0.041558,,0.905014,,1.444794,0.0820849986238988,,,20,,2,1.0
medium,,1,,,,3,random,,-0.133204,,0.872858,,1.281123,0.4723665527410147,,,6,,3,1.0
medium,,0,,,,3,random,,0.158965,,0.783786,,1.593807,0.11943296826671962,,,17,,4,1.0
medium,,0,,,,3,random,,0.058472,,0.753395,,1.408146,0.36787944117144233,,,8,,5,1.0
medium,,0,,,,3,random,,-0.0882,,0.723447,,1.189446,0.09301448921066349,,,19,,6,1.0
medium,,0,,,,3,random,,-0.140065,,0.701551,,1.111846,0.09301448921066349,,,19,,7,1.0
medium,,0,,,,3,random,,-0.183989,,0.682258,,1.049957,0.6065306597126334,,,4,,8,1.0
medium,,0,1.0,0.830062,0.393077,3,random,-0.365392,-0.324081,0.645875,0.663049,0.854862,0.900988,0.15335496684492847,0.16993800000000003,0.145138,15,,9,1.0
medium,,1,,,,4,random,,0.0,,0.75,,1.324785,0.17377394345044514,,,14,,0,1.0
medium,,0,,,,4,random,,0.607619,,0.829852,,2.590748,0.6065306597126334,,,4,,1,1.0
medium,,0,,,,4,random,,0.291645,,0.797729,,1.84012,0.10539922456186433,,,18,,2,1.0
medium,,0,,,,4,random,,0.172589,,0.762223,,1.588962,0.4168620196785084,,,7,,3,1.0
medium,,0,,,,4,random,,-0.004466,,0.72616,,1.295877,0.0820849986238988,,,20,,4,1.0
medium,,0,,,,4,random,,-0.061974,,0.701783,,1.202348,0.32465246735834974,,,9,,5,1.0
medium,,0,,,,4,random,,-0.17062,,0.672903,,1.057365,0.11943296826671962,,,17,,6,1.0
medium,,0,,,,4,random,,-0.216969,,0.652967,,0.996221,0.19691167520419406,,,13,,7,1.0
medium,,0,,,,4,random,,-0.273692,,0.63256,,0.92902,0.6872892787909722,,,3,,8,1.0
medium,,1,1.0,0.906636,0.327386,4,random,-0.187206,-0.400992,0.573203,0.61371,0.977336,0.808422,0.36787944117144233,0.093364,0.022664000000000017,8,,9,1.0
medium,,1,,,,5,random,,0.0,,0.75,,1.324785,0.6872892787909722,,,3,,0,1.0
medium,,0,,,,5,random,,0.037411,,0.997199,,1.706789,0.25283959580474646,,,11,,1,1.0
medium,,1,,,,5,random,,-0.208186,,0.963896,,1.292219,0.4168620196785084,,,7,,2,1.0
medium,,1,,,,5,random,,0.227024,,0.827064,,1.766572,0.2865047968601901,,,10,,3,1.0
medium,,0,,,,5,random,,0.544223,,0.756317,,2.293848,0.19691167520419406,,,13,,4,1.0
medium,,1,,,,5,random,,0.382014,,0.720235,,1.899105,0.7788007830714049,,,2,,5,1.0
medium,,0,,,,5,random,,0.428952,,0.711513,,1.977983,0.6065306597126334,,,4,,6,1.0
medium,,1,,,,5,random,,0.230171,,0.681022,,1.587351,0.4723665527410147,,,6,,7,1.0
medium,,1,,,,5,random,,0.359923,,0.660627,,1.782715,0.15335496684492847,,,15,,8,1.0
medium,,1,1.0,2.062071,0.846866,5,random,0.708388,0.605481,0.615796,0.627855,2.454665,2.231294,0.36787944117144233,1.062071,1.4546649999999999,8,,9,1.0
medium,,0,,,,6,random,,0.0,,0.75,,1.324785,0.2865047968601901,,,10,,0,1.0
medium,,1,,,,6,random,,-0.794458,,1.244779,,0.980472,0.15335496684492847,,,15,,1,1.0
medium,,0,,,,6,random,,0.397284,,0.78472,,2.024203,0.32465246735834974,,,9,,2,1.0
medium,,0,,,,6,random,,0.20289,,0.74706,,1.619212,0.11943296826671962,,,17,,3,1.0
medium,,0,,,,6,random,,0.106474,,0.716043,,1.437395,0.15335496684492847,,,15,,4,1.0
medium,,0,,,,6,random,,0.01888,,0.687941,,1.291121,0.4168620196785084,,,7,,5,1.0
medium,,1,,,,6,random,,-0.10728,,0.660589,,1.117294,0.11943296826671962,,,17,,6,1.0
medium,,0,,,,6,random,,0.259367,,0.597103,,1.549036,0.17377394345044514,,,14,,7,1.0
medium,,0,,,,6,random,,0.187176,,0.575612,,1.423105,0.15335496684492847,,,15,,8,1.0
medium,,0,1.0,1.010335,0.393901,6,random,0.048599,0.128484,0.538588,0.556893,1.213656,1.327834,0.36787944117144233,0.010334999999999983,0.21365600000000007,8,,9,1.0
medium,,0,,,,7,random,,0.0,,0.75,,1.324785,0.4168620196785084,,,7,,0,1.0
medium,,1,,,,7,random,,-0.919059,,1.276811,,0.901284,0.32465246735834974,,,9,,1,1.0
medium,,0,,,,7,random,,0.128961,,0.840508,,1.619614,0.10539922456186433,,,18,,2,1.0
medium,,0,,,,7,random,,0.017732,,0.805587,,1.408066,0.10539922456186433,,,18,,3,1.0
medium,,1,,,,7,random,,-0.067658,,0.775546,,1.26248,0.6872892787909722,,,3,,4,1.0
medium,,0,,,,7,random,,0.049445,,0.744329,,1.38605,0.22313016014842982,,,12,,5,1.0
medium,,0,,,,7,random,,-0.059315,,0.714408,,1.216374,0.36787944117144233,,,8,,6,1.0
medium,,0,,,,7,random,,-0.179681,,0.686387,,1.057474,0.15335496684492847,,,15,,7,1.0
medium,,1,,,,7,random,,-0.235247,,0.664922,,0.985914,0.6872892787909722,,,3,,8,1.0
medium,,0,1.0,0.650777,0.202286,7,random,-0.185922,-0.14333,0.625176,0.642881,1.009545,1.065365,0.11943296826671962,0.34922299999999995,0.009544999999999915,17,,9,1.0
medium,,0,,,,8,random,,0.0,,0.75,,1.324785,0.2865047968601901,,,10,,0,1.0
medium,,1,,,,8,random,,-0.794458,,1.244779,,0.980472,0.09301448921066349,,,19,,1,1.0
medium,,1,,,,8,random,,0.511673,,0.761478,,2.229097,0.6872892787909722,,,3,,2,1.0
medium,,0,,,,8,random,,0.583804,,0.747527,,2.370739,0.0820849986238988,,,20,,3,1.0
medium,,1,,,,8,random,,0.460976,,0.71403,,2.046018,0.36787944117144233,,,8,,4,1.0
medium,,0,,,,8,random,,0.616932,,0.686204,,2.345198,0.10539922456186433,,,18,,5,1.0
medium,,0,,,,8,random,,0.506364,,0.656669,,2.058488,0.4168620196785084,,,7,,6,1.0
medium,,1,,,,8,random,,0.360417,,0.629996,,1.748685,0.5352614285189903,,,5,,7,1.0
medium,,0,,,,8,random,,0.441164,,0.617818,,1.881396,0.17377394345044514,,,14,,8,1.0
medium,,0,1.0,1.297069,0.440469,8,random,0.294985,0.351498,0.574545,0.59379,1.584131,1.695184,0.0820849986238988,0.297069,0.584131,20,,9,1.0
medium,,0,,,,9,random,,0.0,,0.75,,1.324785,0.6065306597126334,,,4,,0,1.0
medium,,0,,,,9,random,,-1.142794,,1.344012,,0.786935,0.15335496684492847,,,15,,1,1.0
medium,,0,,,,9,random,,-1.195209,,1.296818,,0.701636,0.19691167520419406,,,13,,2,1.0
medium,,0,,,,9,random,,-1.251571,,1.253884,,0.627847,0.17377394345044514,,,14,,3,1.0
medium,,0,,,,9,random,,-1.291592,,1.215396,,0.575223,0.4168620196785084,,,7,,4,1.0
medium,,0,,,,9,random,,-1.421172,,1.1937,,0.492278,0.22313016014842982,,,12,,5,1.0
medium,,0,,,,9,random,,-1.452713,,1.160451,,0.458686,0.09301448921066349,,,19,,6,1.0
medium,,1,,,,9,random,,-1.46493,,1.139519,,0.442339,0.6872892787909722,,,3,,7,1.0
medium,,0,,,,9,random,,-0.827839,,0.801211,,0.602378,0.36787944117144233,,,8,,8,1.0
medium,,0,1.0,0.407951,0.236389,9,random,-0.912522,-0.899986,0.766135,0.778499,0.538461,0.550485,0.10539922456186433,0.592049,0.46153900000000003,18,,9,1.0
high,0.049603,1,,,,0,adaptive,,0.0,,0.75,,1.324785,0.6592406302004438,,,10,"{'length': 10, 'predictive_correct': 0.296309, 'acquisition_value': 0.049603}",0,3.0
high,0.060148,1,,,,0,adaptive,,0.463496,,0.865625,,2.312084,0.5352614285189903,,,15,"{'length': 15, 'predictive_correct': 0.317876, 'acquisition_value': 0.060148}",1,3.0
high,0.051235,0,,,,0,adaptive,,0.881488,,0.77202,,3.252735,0.4345982085070782,,,20,"{'length': 20, 'predictive_correct': 0.35906, 'acquisition_value': 0.051235}",2,3.0
high,0.048229,1,,,,0,adaptive,,0.710843,,0.735403,,2.667793,0.4345982085070782,,,20,"{'length': 20, 'predictive_correct': 0.301746, 'acquisition_value': 0.048229}",3,3.0
high,0.041741,0,,,,0,adaptive,,1.017067,,0.684634,,3.495334,0.4345982085070782,,,20,"{'length': 20, 'predictive_correct': 0.404128, 'acquisition_value': 0.041741}",4,3.0
high,0.039716,1,,,,0,adaptive,,0.878284,,0.652945,,2.9786,0.4345982085070782,,,20,"{'length': 20, 'predictive_correct': 0.356512, 'acquisition_value': 0.039716}",5,3.0
high,0.035371,0,,,,0,adaptive,,1.085282,,0.626383,,3.601895,0.4345982085070782,,,20,"{'length': 20, 'predictive_correct': 0.427411, 'acquisition_value': 0.035371}",6,3.0
high,0.033869,1,,,,0,adaptive,,0.968283,,0.599237,,3.151334,0.4345982085070782,,,20,"{'length': 20, 'predictive_correct': 0.387087, 'acquisition_value': 0.033869}",7,3.0
high,0.030784,0,,,,0,adaptive,,1.126351,,0.582703,,3.655095,0.4345982085070782,,,20,"{'length': 20, 'predictive_correct': 0.441668, 'acquisition_value': 0.030784}",8,3.0
high,0.029589,0,1.0,2.943385,1.131349,0,adaptive,0.938961,1.025286,0.538224,0.5591,2.9559,3.259526,0.4345982085070782,0.05661499999999986,0.044099999999999806,20,"{'length': 20, 'predictive_correct': 0.406803, 'acquisition_value': 0.029589}",9,3.0
high,0.049603,0,,,,1,adaptive,,0.0,,0.75,,1.324785,0.6592406302004438,,,10,"{'length': 10, 'predictive_correct': 0.296309, 'acquisition_value': 0.049603}",0,3.0
high,0.093688,1,,,,1,adaptive,,-0.794458,,1.244779,,0.980472,0.6323366621862497,,,11,"{'length': 11, 'predictive_correct': 0.096359, 'acquisition_value': 0.093688}",1,3.0
high,0.055785,0,,,,1,adaptive,,0.256355,,0.817246,,1.80453,0.6065306597126334,,,12,"{'length': 12, 'predictive_correct': 0.322019, 'acquisition_value': 0.055785}",2,3.0
high,0.052295,1,,,,1,adaptive,,0.091123,,0.779075,,1.483793,0.6323366621862497,,,11,"{'length': 11, 'predictive_correct': 0.295669, 'acquisition_value': 0.052295}",3,3.0
high,0.045986,0,,,,1,adaptive,,0.4148,,0.711446,,1.950094,0.513417119032592,,,16,"{'length': 16, 'predictive_correct': 0.277414, 'acquisition_value': 0.045986}",4,3.0
high,0.043056,1,,,,1,adaptive,,0.303758,,0.680216,,1.707627,0.5580351457700471,,,14,"{'length': 14, 'predictive_correct': 0.28391, 'acquisition_value': 0.043056}",5,3.0
high,0.039241,1,,,,1,adaptive,,0.557469,,0.639742,,2.142779,0.453089017280169,,,19,"{'length': 19, 'predictive_correct': 0.266045, 'acquisition_value': 0.039241}",6,3.0
high,0.035965,1,,,,1,adaptive,,0.797798,,0.609504,,2.673921,0.4345982085070782,,,20,"{'length': 20, 'predictive_correct': 0.328453, 'acquisition_value': 0.035965}",7,3.0
high,0.032829,0,,,,1,adaptive,,0.986719,,0.589957,,3.192305,0.4345982085070782,,,20,"{'length': 20, 'predictive_correct': 0.393442, 'acquisition_value': 0.032829}",8,3.0
high,0.031269,0,1.0,2.703413,0.796106,1,adaptive,0.809083,0.890761,0.544298,0.56569,2.604427,2.859835,0.4345982085070782,0.29658700000000016,0.3955730000000002,20,"{'length': 20, 'predictive_correct': 0.359996, 'acquisition_value': 0.031269}",9,3.0
high,0.049603,1,,,,2,adaptive,,0.0,,0.75,,1.324785,0.6592406302004438,,,10,"{'length': 10, 'predictive_correct': 0.296309, 'acquisition_value': 0.049603}",0,3.0
high,0.060148,1,,,,2,adaptive,,0.463496,,0.865625,,2.312084,0.5352614285189903,,,15,"{'length': 15, 'predictive_correct': 0.317876, 'acquisition_value': 0.060148}",1,3.0
high,0.051235,0,,,,2,adaptive,,0.881488,,0.77202,,3.252735,0.4345982085070782,,,20,"{'length': 20, 'predictive_correct': 0.35906, 'acquisition_value': 0.051235}",2,3.0
high,0.048229,0,,,,2,adaptive,,0.710843,,0.735403,,2.667793,0.4345982085070782,,,20,"{'length': 20, 'predictive_correct': 0.301746, 'acquisition_value': 0.048229}",3,3.0
high,0.045196,0,,,,2,adaptive,,0.580205,,0.703011,,2.287174,0.4723665527410147,,,18,"{'length': 18, 'predictive_correct': 0.292694, 'acquisition_value': 0.045196}",4,3.0
high,0.042467,0,,,,2,adaptive,,0.46798,,0.673963,,2.003895,0.49246428767540973,,,17,"{'length': 17, 'predictive_correct': 0.274004, 'acquisition_value': 0.042467}",5,3.0
high,0.040016,1,,,,2,adaptive,,0.372183,,0.648056,,1.789921,0.5352614285189903,,,15,"{'length': 15, 'predictive_correct': 0.282932, 'acquisition_value': 0.040016}",6,3.0
high,0.036325,0,,,,2,adaptive,,0.597057,,0.608688,,2.186513,0.4345982085070782,,,20,"{'length': 20, 'predictive_correct': 0.261416, 'acquisition_value': 0.036325}",7,3.0
high,0.034291,1,,,,2,adaptive,,0.521499,,0.586987,,2.001259,0.453089017280169,,,19,"{'length': 19, 'predictive_correct': 0.25298, 'acquisition_value': 0.034291}",8,3.0
high,0.031547,1,1.0,2.744804,1.018806,2,adaptive,0.884961,0.721852,0.541888,0.559673,2.806062,2.407211,0.4345982085070782,0.2551960000000002,0.19393800000000017,20,"{'length': 20, 'predictive_correct': 0.30177, 'acquisition_value': 0.031547}",9,3.0
high,0.049603,1,,,,3,adaptive,,0.0,,0.75,,1.324785,0.6592406302004438,,,10,"{'length': 10, 'predictive_correct': 0.296309, 'acquisition_value': 0.049603}",0,3.0
high,0.060148,0,,,,3,adaptive,,0.463496,,0.865625,,2.312084,0.5352614285189903,,,15,"{'length': 15, 'predictive_correct': 0.317876, 'acquisition_value': 0.060148}",1,3.0
high,0.056735,1,,,,3,adaptive,,0.26695,,0.827736,,1.839555,0.6065306597126334,,,12,"{'length': 12, 'predictive_correct': 0.325705, 'acquisition_value': 0.056735}",2,3.0
high,0.049306,1,,,,3,adaptive,,0.619759,,0.746852,,2.456292,0.453089017280169,,,19,"{'length': 19, 'predictive_correct': 0.289052, 'acquisition_value': 0.049306}",3,3.0
high,0.04308,0,,,,3,adaptive,,0.943925,,0.692035,,3.265399,0.4345982085070782,,,20,"{'length': 20, 'predictive_correct': 0.379265, 'acquisition_value': 0.04308}",4,3.0
high,0.040763,0,,,,3,adaptive,,0.808137,,0.659906,,2.789534,0.4345982085070782,,,20,"{'length': 20, 'predictive_correct': 0.332732, 'acquisition_value': 0.040763}",5,3.0
high,0.03841,0,,,,3,adaptive,,0.698885,,0.631686,,2.455667,0.4345982085070782,,,20,"{'length': 20, 'predictive_correct': 0.295471, 'acquisition_value': 0.03841}",6,3.0
high,0.036171,0,,,,3,adaptive,,0.608783,,0.607021,,2.210061,0.4345982085070782,,,20,"{'length': 20, 'predictive_correct': 0.265181, 'acquisition_value': 0.036171}",7,3.0
high,0.034139,0,,,,3,adaptive,,0.532904,,0.585296,,2.022207,0.453089017280169,,,19,"{'length': 19, 'predictive_correct': 0.256619, 'acquisition_value': 0.034139}",8,3.0
high,0.032328,0,1.0,1.744655,0.791803,3,adaptive,0.403435,0.465093,0.548252,0.565805,1.739722,1.868547,0.4723665527410147,1.255345,1.260278,18,"{'length': 18, 'predictive_correct': 0.251645, 'acquisition_value': 0.032328}",9,3.0
high,0.049603,1,,,,4,adaptive,,0.0,,0.75,,1.324785,0.6592406302004438,,,10,"{'length': 10, 'predictive_correct': 0.296309, 'acquisition_value': 0.049603}",0,3.0
high,0.060148,1,,,,4,adaptive,,0.463496,,0.865625,,2.312084,0.5352614285189903,,,15,"{'length': 15, 'predictive_correct': 0.317876, 'acquisition_value': 0.060148}",1,3.0
high,0.051235,0,,,,4,adaptive,,0.881488,,0.77202,,3.252735,0.4345982085070782,,,20,"{'length': 20, 'predictive_correct': 0.35906, 'acquisition_value': 0.051235}",2,3.0
high,0.048229,0,,,,4,adaptive,,0.710843,,0.735403,,2.667793,0.4345982085070782,,,20,"{'length': 20, 'predictive_correct': 0.301746, 'acquisition_value': 0.048229}",3,3.0
high,0.045196,1,,,,4,adaptive,,0.580205,,0.703011,,2.287174,0.4723665527410147,,,18,"{'length': 18, 'predictive_correct': 0.292694, 'acquisition_value': 0.045196}",4,3.0
high,0.040204,0,,,,4,adaptive,,0.853845,,0.65649,,2.91344,0.4345982085070782,,,20,"{'length': 20, 'predictive_correct': 0.348214, 'acquisition_value': 0.040204}",5,3.0
high,0.038006,1,,,,4,adaptive,,0.742437,,0.628617,,2.560024,0.4345982085070782,,,20,"{'length': 20, 'predictive_correct': 0.31, 'acquisition_value': 0.038006}",6,3.0
high,0.03421,0,,,,4,adaptive,,0.950478,,0.601283,,3.099524,0.4345982085070782,,,20,"{'length': 20, 'predictive_correct': 0.380934, 'acquisition_value': 0.03421}",7,3.0
high,0.032603,0,,,,4,adaptive,,0.853292,,0.577299,,2.772998,0.4345982085070782,,,20,"{'length': 20, 'predictive_correct': 0.347115, 'acquisition_value': 0.032603}",8,3.0
high,0.031027,1,1.0,3.169284,1.089387,4,adaptive,0.925121,0.7707,0.539514,0.556059,2.917302,2.522627,0.4345982085070782,0.1692840000000002,0.08269800000000016,20,"{'length': 20, 'predictive_correct': 0.318384, 'acquisition_value': 0.031027}",9,3.0
high,0.049603,0,,,,5,adaptive,,0.0,,0.75,,1.324785,0.6592406302004438,,,10,"{'length': 10, 'predictive_correct': 0.296309, 'acquisition_value': 0.049603}",0,3.0
high,0.093688,1,,,,5,adaptive,,-0.794458,,1.244779,,0.980472,0.6323366621862497,,,11,"{'length': 11, 'predictive_correct': 0.096359, 'acquisition_value': 0.093688}",1,3.0
high,0.055785,1,,,,5,adaptive,,0.256355,,0.817246,,1.80453,0.6065306597126334,,,12,"{'length': 12, 'predictive_correct': 0.322019, 'acquisition_value': 0.055785}",2,3.0
high,0.048972,1,,,,5,adaptive,,0.606452,,0.743328,,2.417467,0.4723665527410147,,,18,"{'length': 18, 'predictive_correct': 0.302248, 'acquisition_value': 0.048972}",3,3.0
high,0.043348,0,,,,5,adaptive,,0.918613,,0.692925,,3.185744,0.4345982085070782,,,20,"{'length': 20, 'predictive_correct': 0.370664, 'acquisition_value': 0.043348}",4,3.0
high,0.040912,0,,,,5,adaptive,,0.784352,,0.660434,,2.724919,0.4345982085070782,,,20,"{'length': 20, 'predictive_correct': 0.3247, 'acquisition_value': 0.040912}",5,3.0
high,0.038481,1,,,,5,adaptive,,0.676574,,0.632036,,2.402016,0.4345982085070782,,,20,"{'length': 20, 'predictive_correct': 0.288067, 'acquisition_value': 0.038481}",6,3.0
high,0.034812,0,,,,5,adaptive,,0.898826,,0.603559,,2.947532,0.4345982085070782,,,20,"{'length': 20, 'predictive_correct': 0.363094, 'acquisition_value': 0.034812}",7,3.0
high,0.033054,0,,,,5,adaptive,,0.803863,,0.579228,,2.64221,0.4345982085070782,,,20,"{'length': 20, 'predictive_correct': 0.330101, 'acquisition_value': 0.033054}",8,3.0
high,0.031365,0,1.0,1.794395,0.594117,5,adaptive,0.653932,0.723349,0.538751,0.557771,2.223446,2.408257,0.4345982085070782,1.205605,0.776554,20,"{'length': 20, 'predictive_correct': 0.302244, 'acquisition_value': 0.031365}",9,3.0
high,0.049603,0,,,,6,adaptive,,0.0,,0.75,,1.324785,0.6592406302004438,,,10,"{'length': 10, 'predictive_correct': 0.296309, 'acquisition_value': 0.049603}",0,3.0
high,0.093688,1,,,,6,adaptive,,-0.794458,,1.244779,,0.980472,0.6323366621862497,,,11,"{'length': 11, 'predictive_correct': 0.096359, 'acquisition_value': 0.093688}",1,3.0
high,0.055785,0,,,,6,adaptive,,0.256355,,0.817246,,1.80453,0.6065306597126334,,,12,"{'length': 12, 'predictive_correct': 0.322019, 'acquisition_value': 0.055785}",2,3.0
high,0.052295,1,,,,6,adaptive,,0.091123,,0.779075,,1.483793,0.6323366621862497,,,11,"{'length': 11, 'predictive_correct': 0.295669, 'acquisition_value': 0.052295}",3,3.0
high,0.045986,0,,,,6,adaptive,,0.4148,,0.711446,,1.950094,0.513417119032592,,,16,"{'length': 16, 'predictive_correct': 0.277414, 'acquisition_value': 0.045986}",4,3.0
high,0.043056,1,,,,6,adaptive,,0.303758,,0.680216,,1.707627,0.5580351457700471,,,14,"{'length': 14, 'predictive_correct': 0.28391, 'acquisition_value': 0.043056}",5,3.0
high,0.039241,0,,,,6,adaptive,,0.557469,,0.639742,,2.142779,0.453089017280169,,,19,"{'length': 19, 'predictive_correct': 0.266045, 'acquisition_value': 0.039241}",6,3.0
high,0.036832,0,,,,6,adaptive,,0.471176,,0.614131,,1.934317,0.49246428767540973,,,17,"{'length': 17, 'predictive_correct': 0.273505, 'acquisition_value': 0.036832}",7,3.0
high,0.034686,1,,,,6,adaptive,,0.392128,,0.591161,,1.76273,0.513417119032592,,,16,"{'length': 16, 'predictive_correct': 0.266891, 'acquisition_value': 0.034686}",8,3.0
high,0.032319,1,1.0,2.115871,0.858278,6,adaptive,0.774779,0.587838,0.546067,0.565665,2.519031,2.112404,0.4345982085070782,0.8841290000000002,0.480969,20,"{'length': 20, 'predictive_correct': 0.25728, 'acquisition_value': 0.032319}",9,3.0
high,0.049603,0,,,,7,adaptive,,0.0,,0.75,,1.324785,0.6592406302004438,,,10,"{'length': 10, 'predictive_correct': 0.296309, 'acquisition_value': 0.049603}",0,3.0
high,0.093688,1,,,,7,adaptive,,-0.794458,,1.244779,,0.980472,0.6323366621862497,,,11,"{'length': 11, 'predictive_correct': 0.096359, 'acquisition_value': 0.093688}",1,3.0
high,0.055785,0,,,,7,adaptive,,0.256355,,0.817246,,1.80453,0.6065306597126334,,,12,"{'length': 12, 'predictive_correct': 0.322019, 'acquisition_value': 0.055785}",2,3.0
high,0.052295,1,,,,7,adaptive,,0.091123,,0.779075,,1.483793,0.6323366621862497,,,11,"{'length': 11, 'predictive_correct': 0.295669, 'acquisition_value': 0.052295}",3,3.0
high,0.045986,0,,,,7,adaptive,,0.4148,,0.711446,,1.950094,0.513417119032592,,,16,"{'length': 16, 'predictive_correct': 0.277414, 'acquisition_value': 0.045986}",4,3.0
high,0.043056,1,,,,7,adaptive,,0.303758,,0.680216,,1.707627,0.5580351457700471,,,14,"{'length': 14, 'predictive_correct': 0.28391, 'acquisition_value': 0.043056}",5,3.0
high,0.039241,0,,,,7,adaptive,,0.557469,,0.639742,,2.142779,0.453089017280169,,,19,"{'length': 19, 'predictive_correct': 0.266045, 'acquisition_value': 0.039241}",6,3.0
high,0.036832,0,,,,7,adaptive,,0.471176,,0.614131,,1.934317,0.49246428767540973,,,17,"{'length': 17, 'predictive_correct': 0.273505, 'acquisition_value': 0.036832}",7,3.0
high,0.034686,1,,,,7,adaptive,,0.392128,,0.591161,,1.76273,0.513417119032592,,,16,"{'length': 16, 'predictive_correct': 0.266891, 'acquisition_value': 0.034686}",8,3.0
high,0.032319,1,1.0,1.984867,0.647907,7,adaptive,0.774779,0.587838,0.546067,0.565665,2.519031,2.112404,0.4345982085070782,1.015133,0.480969,20,"{'length': 20, 'predictive_correct': 0.25728, 'acquisition_value': 0.032319}",9,3.0
high,0.049603,1,,,,8,adaptive,,0.0,,0.75,,1.324785,0.6592406302004438,,,10,"{'length': 10, 'predictive_correct': 0.296309, 'acquisition_value': 0.049603}",0,3.0
high,0.060148,0,,,,8,adaptive,,0.463496,,0.865625,,2.312084,0.5352614285189903,,,15,"{'length': 15, 'predictive_correct': 0.317876, 'acquisition_value': 0.060148}",1,3.0
high,0.056735,0,,,,8,adaptive,,0.26695,,0.827736,,1.839555,0.6065306597126334,,,12,"{'length': 12, 'predictive_correct': 0.325705, 'acquisition_value': 0.056735}",2,3.0
high,0.053417,0,,,,8,adaptive,,0.09645,,0.791267,,1.506067,0.6323366621862497,,,11,"{'length': 11, 'predictive_correct': 0.297698, 'acquisition_value': 0.053417}",3,3.0
high,0.050263,0,,,,8,adaptive,,-0.043259,,0.757354,,1.275749,0.6592406302004438,,,10,"{'length': 10, 'predictive_correct': 0.282497, 'acquisition_value': 0.050263}",4,3.0
high,0.047379,1,,,,8,adaptive,,-0.162593,,0.726392,,1.106531,0.6872892787909722,,,9,"{'length': 9, 'predictive_correct': 0.277164, 'acquisition_value': 0.047379}",5,3.0
high,0.041479,1,,,,8,adaptive,,0.112561,,0.663484,,1.394683,0.6065306597126334,,,12,"{'length': 12, 'predictive_correct': 0.27142, 'acquisition_value': 0.041479}",6,3.0
high,0.03767,0,,,,8,adaptive,,0.354186,,0.623088,,1.730318,0.5352614285189903,,,15,"{'length': 15, 'predictive_correct': 0.276409, 'acquisition_value': 0.03767}",7,3.0
high,0.035417,1,,,,8,adaptive,,0.272622,,0.599042,,1.571527,0.5580351457700471,,,14,"{'length': 14, 'predictive_correct': 0.271686, 'acquisition_value': 0.035417}",8,3.0
high,0.033004,1,0.995,2.035054,0.827508,8,adaptive,0.663373,0.470259,0.552516,0.573089,2.261459,1.886031,0.4723665527410147,0.9649459999999999,0.7385410000000001,18,"{'length': 18, 'predictive_correct': 0.253513, 'acquisition_value': 0.033004}",9,3.0
high,0.049603,0,,,,9,adaptive,,0.0,,0.75,,1.324785,0.6592406302004438,,,10,"{'length': 10, 'predictive_correct': 0.296309, 'acquisition_value': 0.049603}",0,3.0
high,0.093688,0,,,,9,adaptive,,-0.794458,,1.244779,,0.980472,0.6323366621862497,,,11,"{'length': 11, 'predictive_correct': 0.096359, 'acquisition_value': 0.093688}",1,3.0
high,0.090939,1,,,,9,adaptive,,-0.941871,,1.218263,,0.818904,0.6872892787909722,,,9,"{'length': 9, 'predictive_correct': 0.103417, 'acquisition_value': 0.090939}",2,3.0
high,0.054207,1,,,,9,adaptive,,-0.003525,,0.799949,,1.372227,0.6592406302004438,,,10,"{'length': 10, 'predictive_correct': 0.296408, 'acquisition_value': 0.054207}",3,3.0
high,0.047241,1,,,,9,adaptive,,0.334507,,0.724757,,1.816921,0.5580351457700471,,,14,"{'length': 14, 'predictive_correct': 0.295056, 'acquisition_value': 0.047241}",4,3.0
high,0.042732,0,,,,9,adaptive,,0.622407,,0.676827,,2.343052,0.4345982085070782,,,20,"{'length': 20, 'predictive_correct': 0.271462, 'acquisition_value': 0.042732}",5,3.0
high,0.039997,1,,,,9,adaptive,,0.521842,,0.647735,,2.078451,0.4723665527410147,,,18,"{'length': 18, 'predictive_correct': 0.272242, 'acquisition_value': 0.039997}",6,3.0
high,0.036666,1,,,,9,adaptive,,0.763105,,0.615324,,2.591968,0.4345982085070782,,,20,"{'length': 20, 'predictive_correct': 0.316744, 'acquisition_value': 0.036666}",7,3.0
high,0.033397,0,,,,9,adaptive,,0.960856,,0.593653,,3.117614,0.4345982085070782,,,20,"{'length': 20, 'predictive_correct': 0.384492, 'acquisition_value': 0.033397}",8,3.0
high,0.031778,0,1.0,2.57396,1.050034,9,adaptive,0.783904,0.865174,0.547945,0.569339,2.544734,2.793365,0.4345982085070782,0.42604,0.45526599999999995,20,"{'length': 20, 'predictive_correct': 0.351148, 'acquisition_value': 0.031778}",9,3.0
high,,1,,,,0,random,,0.0,,0.75,,1.324785,0.7470175003104326,,,7,,0,3.0
high,,1,,,,0,random,,0.322967,,0.904617,,2.079512,0.5580351457700471,,,14,,1,3.0
high,,1,,,,0,random,,0.795611,,0.788825,,3.024462,0.8464817248906141,,,4,,2,3.0
high,,1,,,,0,random,,0.881506,,0.771976,,3.252681,0.6323366621862497,,,11,,3,3.0
high,,1,,,,0,random,,1.071379,,0.739003,,3.836046,0.8824969025845953,,,3,,4,3.0
high,,1,,,,0,random,,1.115149,,0.732172,,3.98759,0.5352614285189903,,,15,,5,3.0
high,,1,,,,0,random,,1.300718,,0.706361,,4.71237,0.5580351457700471,,,14,,6,3.0
high,,0,,,,0,random,,1.44072,,0.690132,,5.35945,0.49246428767540973,,,17,,7,3.0
high,,1,,,,0,random,,1.246471,,0.654464,,4.308682,0.7165313105737893,,,8,,8,3.0
high,,1,1.0,5.360803,3.089307,0,random,1.437519,1.315267,0.63572,0.647182,5.153051,4.593713,0.513417119032592,2.3608029999999998,2.1530509999999996,16,,9,3.0
high,,1,,,,1,random,,0.0,,0.75,,1.324785,0.8119363461506349,,,5,,0,3.0
high,,1,,,,1,random,,0.201381,,0.941803,,1.905753,0.8824969025845953,,,3,,1,3.0
high,,0,,,,1,random,,0.374123,,0.889918,,2.159982,0.6065306597126334,,,12,,2,3.0
high,,0,,,,1,random,,0.147108,,0.851715,,1.664988,0.6323366621862497,,,11,,3,3.0
high,,0,,,,1,random,,-0.029043,,0.81387,,1.352763,0.453089017280169,,,19,,4,3.0
high,,1,,,,1,random,,-0.105093,,0.784956,,1.225054,0.6323366621862497,,,11,,5,3.0
high,,1,,,,1,random,,0.255819,,0.695251,,1.644614,0.7165313105737893,,,8,,6,3.0
high,,0,,,,1,random,,0.42557,,0.663826,,1.907709,0.6065306597126334,,,12,,7,3.0
high,,1,,,,1,random,,0.311314,,0.635811,,1.671032,0.453089017280169,,,19,,8,3.0
high,,0,1.0,1.593245,0.4646,1,random,0.475364,0.592227,0.572356,0.595865,1.894888,2.159237,0.7165313105737893,1.406755,1.105112,8,,9,3.0
high,,1,,,,2,random,,0.0,,0.75,,1.324785,0.4723665527410147,,,18,,0,3.0
high,,1,,,,2,random,,0.722197,,0.804066,,2.844701,0.5817778142098083,,,13,,1,3.0
high,,1,,,,2,random,,0.991783,,0.752145,,3.577429,0.4345982085070782,,,20,,2,3.0
high,,0,,,,2,random,,1.267102,,0.710655,,4.570475,0.49246428767540973,,,17,,3,3.0
high,,1,,,,2,random,,1.075903,,0.674902,,3.682711,0.5817778142098083,,,13,,4,3.0
high,,1,,,,2,random,,1.209599,,0.658582,,4.163951,0.6872892787909722,,,9,,5,3.0
high,,0,,,,2,random,,1.290177,,0.649785,,4.487463,0.49246428767540973,,,17,,6,3.0
high,,1,,,,2,random,,1.136368,,0.618697,,3.772588,0.8464817248906141,,,4,,7,3.0
high,,1,,,,2,random,,1.169082,,0.6154,,3.890121,0.7788007830714049,,,6,,8,3.0
high,,1,1.0,4.153893,1.889832,2,random,1.24539,1.215746,0.608027,0.610831,4.179695,4.064552,0.8464817248906141,1.153893,1.1796949999999997,4,,9,3.0
high,,1,,,,3,random,,0.0,,0.75,,1.324785,0.7470175003104326,,,7,,0,3.0
high,,1,,,,3,random,,0.322967,,0.904617,,2.079512,0.6323366621862497,,,11,,1,3.0
high,,0,,,,3,random,,0.722301,,0.804128,,2.84514,0.5580351457700471,,,14,,2,3.0
high,,1,,,,3,random,,0.516729,,0.766215,,2.248519,0.5352614285189903,,,15,,3,3.0
high,,1,,,,3,random,,0.820826,,0.710172,,2.924133,0.4345982085070782,,,20,,4,3.0
high,,1,,,,3,random,,1.085942,,0.672277,,3.713296,0.8824969025845953,,,3,,5,3.0
high,,1,,,,3,random,,1.118503,,0.668269,,3.825905,0.6872892787909722,,,9,,6,3.0
high,,0,,,,3,random,,1.208252,,0.657735,,4.156027,0.6872892787909722,,,9,,7,3.0
high,,0,,,,3,random,,1.027249,,0.626941,,3.400002,0.9200444146293233,,,2,,8,3.0
high,,1,1.0,2.921994,1.336062,3,random,0.90368,0.846211,0.595167,0.600744,2.947012,2.791719,0.7788007830714049,0.0780059999999998,0.052988000000000035,6,,9,3.0
high,,0,,,,4,random,,0.0,,0.75,,1.324785,0.6592406302004438,,,10,,0,3.0
high,,0,,,,4,random,,-0.794458,,1.244779,,0.980472,0.4345982085070782,,,20,,1,3.0
high,,0,,,,4,random,,-0.845349,,1.206536,,0.889154,0.4345982085070782,,,20,,2,3.0
high,,1,,,,4,random,,-0.888246,,1.172356,,0.817882,0.6872892787909722,,,9,,3,3.0
high,,1,,,,4,random,,-0.011797,,0.777027,,1.336546,0.5817778142098083,,,13,,4,3.0
high,,1,,,,4,random,,0.364287,,0.685021,,1.820141,0.9200444146293233,,,2,,5,3.0
high,,1,,,,4,random,,0.405306,,0.676979,,1.885997,0.8119363461506349,,,5,,6,3.0
high,,1,,,,4,random,,0.497611,,0.660233,,2.045341,0.9200444146293233,,,2,,7,3.0
high,,0,,,,4,random,,0.531017,,0.654566,,2.106959,0.513417119032592,,,16,,8,3.0
high,,1,1.0,2.191413,0.856344,4,random,0.680497,0.431395,0.592049,0.628233,2.353158,1.875233,0.453089017280169,0.8085870000000002,0.6468419999999999,19,,9,3.0
high,,0,,,,5,random,,0.0,,0.75,,1.324785,0.4345982085070782,,,20,,0,3.0
high,,1,,,,5,random,,-0.612242,,1.20811,,1.124707,0.453089017280169,,,19,,1,3.0
high,,1,,,,5,random,,0.580628,,0.761832,,2.388873,0.6592406302004438,,,10,,2,3.0
high,,0,,,,5,random,,0.784546,,0.721777,,2.843476,0.5580351457700471,,,14,,3,3.0
high,,1,,,,5,random,,0.622764,,0.688651,,2.362887,0.4345982085070782,,,20,,4,3.0
high,,1,,,,5,random,,0.902066,,0.646299,,3.037142,0.7165313105737893,,,8,,5,3.0
high,,1,,,,5,random,,0.988491,,0.635403,,3.288263,0.6592406302004438,,,10,,6,3.0
high,,0,,,,5,random,,1.083874,,0.624445,,3.592471,0.9200444146293233,,,2,,7,3.0
high,,1,,,,5,random,,0.903282,,0.599174,,2.952898,0.6323366621862497,,,11,,8,3.0
high,,1,1.0,3.122743,1.308633,5,random,1.032123,0.999804,0.586493,0.58953,3.333791,3.233539,0.8464817248906141,0.12274299999999982,0.33379100000000017,4,,9,3.0
high,,0,,,,6,random,,0.0,,0.75,,1.324785,0.5580351457700471,,,14,,0,3.0
high,,1,,,,6,random,,-0.693406,,1.222101,,1.05481,0.6872892787909722,,,9,,1,3.0
high,,1,,,,6,random,,0.215007,,0.838676,,1.762435,0.8119363461506349,,,5,,2,3.0
high,,1,,,,6,random,,0.401729,,0.791711,,2.044456,0.4723665527410147,,,18,,3,3.0
high,,1,,,,6,random,,0.804409,,0.712829,,2.881964,0.8464817248906141,,,4,,4,3.0
high,,1,,,,6,random,,0.86764,,0.702843,,3.048452,0.49246428767540973,,,17,,5,3.0
high,,1,,,,6,random,,1.085993,,0.672318,,3.71359,0.6323366621862497,,,11,,6,3.0
high,,0,,,,6,random,,1.198771,,0.658819,,4.119748,0.4723665527410147,,,18,,7,3.0
high,,1,,,,6,random,,1.05024,,0.627382,,3.480041,0.4723665527410147,,,18,,8,3.0
high,,1,0.995,5.046345,3.415648,6,random,1.323011,1.202156,0.600889,0.611632,4.497605,4.011653,0.49246428767540973,2.0463449999999996,1.497605,17,,9,3.0
high,,0,,,,7,random,,0.0,,0.75,,1.324785,0.513417119032592,,,16,,0,3.0
high,,0,,,,7,random,,-0.659467,,1.215561,,1.082559,0.7788007830714049,,,6,,1,3.0
high,,1,,,,7,random,,-1.035886,,1.250317,,0.775505,0.8464817248906141,,,4,,2,3.0
high,,1,,,,7,random,,-0.320779,,0.898281,,1.086189,0.8119363461506349,,,5,,3,3.0
high,,1,,,,7,random,,-0.011009,,0.80487,,1.367383,0.8119363461506349,,,5,,4,3.0
high,,1,,,,7,random,,0.185554,,0.75805,,1.604599,0.7470175003104326,,,7,,5,3.0
high,,1,,,,7,random,,0.383314,,0.718538,,1.899257,0.49246428767540973,,,17,,6,3.0
high,,0,,,,7,random,,0.702231,,0.667164,,2.521326,0.6592406302004438,,,10,,7,3.0
high,,0,,,,7,random,,0.554073,,0.636546,,2.131163,0.5352614285189903,,,15,,8,3.0
high,,0,1.0,1.43887,0.488508,7,random,0.356755,0.453461,0.585066,0.609593,1.695379,1.895084,0.6065306597126334,1.56113,1.304621,12,,9,3.0
high,,0,,,,8,random,,0.0,,0.75,,1.324785,0.5817778142098083,,,13,,0,3.0
high,,1,,,,8,random,,-0.713896,,1.226373,,1.038834,0.6592406302004438,,,10,,1,3.0
high,,1,,,,8,random,,0.247636,,0.826897,,1.803114,0.4345982085070782,,,20,,2,3.0
high,,1,,,,8,random,,0.764653,,0.71838,,2.78066,0.8824969025845953,,,3,,3,3.0
high,,0,,,,8,random,,0.815244,,0.710341,,2.908206,0.8464817248906141,,,4,,4,3.0
high,,0,,,,8,random,,0.593019,,0.679524,,2.27936,0.7165313105737893,,,8,,5,3.0
high,,0,,,,8,random,,0.433659,,0.647655,,1.902915,0.4723665527410147,,,18,,6,3.0
high,,1,,,,8,random,,0.349928,,0.621288,,1.721037,0.4723665527410147,,,18,,7,3.0
high,,1,,,,8,random,,0.601802,,0.590364,,2.172909,0.49246428767540973,,,17,,8,3.0
high,,1,1.0,2.463334,1.008801,8,random,0.815557,0.779264,0.568834,0.572218,2.657385,2.567623,0.8464817248906141,0.5366659999999999,0.3426149999999999,4,,9,3.0
high,,0,,,,9,random,,0.0,,0.75,,1.324785,0.4723665527410147,,,18,,0,3.0
high,,0,,,,9,random,,-0.632994,,1.211081,,1.105574,0.6592406302004438,,,10,,1,3.0
high,,1,,,,9,random,,-0.856636,,1.206485,,0.879121,0.6592406302004438,,,10,,2,3.0
high,,0,,,,9,random,,0.097249,,0.79275,,1.509043,0.4345982085070782,,,20,,3,3.0
high,,1,,,,9,random,,0.017758,,0.764364,,1.363267,0.5352614285189903,,,15,,4,3.0
high,,1,,,,9,random,,0.416315,,0.6725,,1.90112,0.9200444146293233,,,2,,5,3.0
high,,0,,,,9,random,,0.453867,,0.66571,,1.964922,0.4723665527410147,,,18,,6,3.0
high,,1,,,,9,random,,0.365038,,0.639784,,1.767736,0.9200444146293233,,,2,,7,3.0
high,,1,,,,9,random,,0.39943,,0.633682,,1.822495,0.7470175003104326,,,7,,8,3.0
high,,1,1.0,2.187402,0.966916,9,random,0.548237,0.507054,0.609928,0.616125,2.083904,2.007438,0.8824969025845953,0.8125979999999999,0.916096,3,,9,3.0
